<?xml version="1.0" encoding="UTF-8"?><record_update table="content_css">
    <content_css action="INSERT_OR_UPDATE">
        <name>style</name>
        <style>.headerDiv {&#13;
    color: #fff;&#13;
}&#13;
&#13;
.headerTitle {&#13;
    font-size: 20px;&#13;
}&#13;
&#13;
.pointer {&#13;
    cursor: pointer;&#13;
}&#13;
&#13;
section.loader {&#13;
    width: 100px;&#13;
    margin: 0 auto;&#13;
    padding: 20px;&#13;
}&#13;
&#13;
.spinner {&#13;
    animation: rotate 1.4s linear infinite;&#13;
    -webkit-animation: rotate 1.4s linear infinite;&#13;
    -moz-animation: rotate 1.4s linear infinite;&#13;
    width:32px;&#13;
    height:32px;&#13;
    position: relative;&#13;
}&#13;
&#13;
.spinner-dot {&#13;
    width:274px;&#13;
    height:274px;&#13;
    position: relative;&#13;
    top: 0;&#13;
}&#13;
&#13;
@keyframes rotate {&#13;
    to {&#13;
        transform: rotate(360deg);&#13;
    }&#13;
}&#13;
&#13;
@-webkit-keyframes rotate {&#13;
    to {&#13;
        -webkit-transform: rotate(360deg);&#13;
    }&#13;
}&#13;
&#13;
@-moz-keyframes rotate {&#13;
    to {&#13;
        transform: rotate(360deg);&#13;
    }&#13;
}&#13;
&#13;
.path {&#13;
    stroke-dasharray: 170;&#13;
    stroke-dashoffset: 20;&#13;
}&#13;
&#13;
</style>
        <sys_class_name>content_css</sys_class_name>
        <sys_created_by>fcheng</sys_created_by>
        <sys_created_on>2019-04-04 18:18:07</sys_created_on>
        <sys_id>23aca6aedbe07f003445710439961996</sys_id>
        <sys_mod_count>0</sys_mod_count>
        <sys_name>style</sys_name>
        <sys_package display_value="Security Operations FortiManager Integration V2" source="x_forti_fmgintgv2">7c729b7edbf5a300310473e1ba9619cf</sys_package>
        <sys_policy/>
        <sys_scope display_value="Security Operations FortiManager Integration V2">7c729b7edbf5a300310473e1ba9619cf</sys_scope>
        <sys_update_name>content_css_23aca6aedbe07f003445710439961996</sys_update_name>
        <sys_updated_by>fcheng</sys_updated_by>
        <sys_updated_on>2019-04-04 18:18:07</sys_updated_on>
        <type>local</type>
        <url/>
    </content_css>
</record_update>
