<?xml version="1.0" encoding="UTF-8"?><record_update table="content_css">
    <content_css action="INSERT_OR_UPDATE">
        <name>app_fmg_script</name>
        <style>.ivu-layout-content #app-fmg-content {&#13;
    margin: 2em;&#13;
}&#13;
&#13;
#app-fmg-cripts-filter-Select {&#13;
    width:150px&#13;
}&#13;
&#13;
.ivu-table td.app-fmg-script-grid-column {&#13;
    cursor: pointer;&#13;
}</style>
        <sys_class_name>content_css</sys_class_name>
        <sys_created_by>jxiang</sys_created_by>
        <sys_created_on>2018-11-30 19:17:10</sys_created_on>
        <sys_id>f07b4316db8e6b00310473e1ba96196a</sys_id>
        <sys_mod_count>14</sys_mod_count>
        <sys_name>app_fmg_script</sys_name>
        <sys_package display_value="Security Operations FortiManager Integration V2" source="x_forti_fmgintgv2">7c729b7edbf5a300310473e1ba9619cf</sys_package>
        <sys_policy/>
        <sys_scope display_value="Security Operations FortiManager Integration V2">7c729b7edbf5a300310473e1ba9619cf</sys_scope>
        <sys_update_name>content_css_f07b4316db8e6b00310473e1ba96196a</sys_update_name>
        <sys_updated_by>fcheng</sys_updated_by>
        <sys_updated_on>2019-04-04 20:41:29</sys_updated_on>
        <type>local</type>
        <url/>
    </content_css>
</record_update>
