<?xml version="1.0" encoding="UTF-8"?><record_update table="sys_ui_script">
    <sys_ui_script action="INSERT_OR_UPDATE">
        <active>true</active>
        <description/>
        <global>false</global>
        <name>x_forti_fmgintgv2.vue_iview_en-3.4.1.min</name>
        <script><![CDATA[/*
 * iView v3.4.1 - locale/en-US.js
 *
 * The MIT License (MIT)
 *
 * Copyright (c) 2016-present iView
 *
 * Permission is hereby granted, free of charge, to any person obtaining a copy
 * of this software and associated documentation files (the "Software"), to deal
 * in the Software without restriction, including without limitation the rights
 * to use, copy, modify, merge, publish, distribute, sublicense, and/or sell
 * copies of the Software, and to permit persons to whom the Software is
 * furnished to do so, subject to the following conditions:
 *
 * The above copyright notice and this permission notice shall be included in all
 * copies or substantial portions of the Software.
 *
 * THE SOFTWARE IS PROVIDED "AS IS", WITHOUT WARRANTY OF ANY KIND, EXPRESS OR
 * IMPLIED, INCLUDING BUT NOT LIMITED TO THE WARRANTIES OF MERCHANTABILITY,
 * FITNESS FOR A PARTICULAR PURPOSE AND NONINFRINGEMENT. IN NO EVENT SHALL THE
 * AUTHORS OR COPYRIGHT HOLDERS BE LIABLE FOR ANY CLAIM, DAMAGES OR OTHER
 * LIABILITY, WHETHER IN AN ACTION OF CONTRACT, TORT OR OTHERWISE, ARISING FROM,
 * OUT OF OR IN CONNECTION WITH THE SOFTWARE OR THE USE OR OTHER DEALINGS IN THE
 * SOFTWARE.
 *
 * MIT LICENSE
 *
 * Copyright (c) 2015-present Alipay.com, https://www.alipay.com/
 *
 * Permission is hereby granted, free of charge, to any person obtaining
 * a copy of this software and associated documentation files (the
 * "Software"), to deal in the Software without restriction, including
 * without limitation the rights to use, copy, modify, merge, publish,
 * distribute, sublicense, and/or sell copies of the Software, and to
 * permit persons to whom the Software is furnished to do so, subject to
 * the following conditions:
 *
 * The above copyright notice and this permission notice shall be
 * included in all copies or substantial portions of the Software.
 *
 * THE SOFTWARE IS PROVIDED "AS IS", WITHOUT WARRANTY OF ANY KIND,
 * EXPRESS OR IMPLIED, INCLUDING BUT NOT LIMITED TO THE WARRANTIES OF
 * MERCHANTABILITY, FITNESS FOR A PARTICULAR PURPOSE AND
 * NONINFRINGEMENT. IN NO EVENT SHALL THE AUTHORS OR COPYRIGHT HOLDERS BE
 * LIABLE FOR ANY CLAIM, DAMAGES OR OTHER LIABILITY, WHETHER IN AN ACTION
 * OF CONTRACT, TORT OR OTHERWISE, ARISING FROM, OUT OF OR IN CONNECTION
 * WITH THE SOFTWARE OR THE USE OR OTHER DEALINGS IN THE SOFTWARE.
 *
 * The MIT License (MIT)
 *
 * Copyright (c) 2016 ElemeFE
 *
 * Permission is hereby granted, free of charge, to any person obtaining a copy
 * of this software and associated documentation files (the "Software"), to deal
 * in the Software without restriction, including without limitation the rights
 * to use, copy, modify, merge, publish, distribute, sublicense, and/or sell
 * copies of the Software, and to permit persons to whom the Software is
 * furnished to do so, subject to the following conditions:
 *
 * The above copyright notice and this permission notice shall be included in all
 * copies or substantial portions of the Software.
 *
 * THE SOFTWARE IS PROVIDED "AS IS", WITHOUT WARRANTY OF ANY KIND, EXPRESS OR
 * IMPLIED, INCLUDING BUT NOT LIMITED TO THE WARRANTIES OF MERCHANTABILITY,
 * FITNESS FOR A PARTICULAR PURPOSE AND NONINFRINGEMENT. IN NO EVENT SHALL THE
 * AUTHORS OR COPYRIGHT HOLDERS BE LIABLE FOR ANY CLAIM, DAMAGES OR OTHER
 * LIABILITY, WHETHER IN AN ACTION OF CONTRACT, TORT OR OTHERWISE, ARISING FROM,
 * OUT OF OR IN CONNECTION WITH THE SOFTWARE OR THE USE OR OTHER DEALINGS IN THE
 * SOFTWARE.
 *
 * The MIT License (MIT)
 *
 * Copyright (c) 2015 Koala
 *
 * Permission is hereby granted, free of charge, to any person obtaining a copy
 * of this software and associated documentation files (the "Software"), to deal
 * in the Software without restriction, including without limitation the rights
 * to use, copy, modify, merge, publish, distribute, sublicense, and/or sell
 * copies of the Software, and to permit persons to whom the Software is
 * furnished to do so, subject to the following conditions:
 *
 * The above copyright notice and this permission notice shall be included in all
 * copies or substantial portions of the Software.
 *
 * THE SOFTWARE IS PROVIDED "AS IS", WITHOUT WARRANTY OF ANY KIND, EXPRESS OR
 * IMPLIED, INCLUDING BUT NOT LIMITED TO THE WARRANTIES OF MERCHANTABILITY,
 * FITNESS FOR A PARTICULAR PURPOSE AND NONINFRINGEMENT. IN NO EVENT SHALL THE
 * AUTHORS OR COPYRIGHT HOLDERS BE LIABLE FOR ANY CLAIM, DAMAGES OR OTHER
 * LIABILITY, WHETHER IN AN ACTION OF CONTRACT, TORT OR OTHERWISE, ARISING FROM,
 * OUT OF OR IN CONNECTION WITH THE SOFTWARE OR THE USE OR OTHER DEALINGS IN THE
 * SOFTWARE.
 *
 * The MIT License (MIT)
 *
 * Copyright (c) 2016 vue-beauty
 *
 * Permission is hereby granted, free of charge, to any person obtaining a copy
 * of this software and associated documentation files (the "Software"), to deal
 * in the Software without restriction, including without limitation the rights
 * to use, copy, modify, merge, publish, distribute, sublicense, and/or sell
 * copies of the Software, and to permit persons to whom the Software is
 * furnished to do so, subject to the following conditions:
 *
 * The above copyright notice and this permission notice shall be included in all
 * copies or substantial portions of the Software.
 *
 * THE SOFTWARE IS PROVIDED "AS IS", WITHOUT WARRANTY OF ANY KIND, EXPRESS OR
 * IMPLIED, INCLUDING BUT NOT LIMITED TO THE WARRANTIES OF MERCHANTABILITY,
 * FITNESS FOR A PARTICULAR PURPOSE AND NONINFRINGEMENT. IN NO EVENT SHALL THE
 * AUTHORS OR COPYRIGHT HOLDERS BE LIABLE FOR ANY CLAIM, DAMAGES OR OTHER
 * LIABILITY, WHETHER IN AN ACTION OF CONTRACT, TORT OR OTHERWISE, ARISING FROM,
 * OUT OF OR IN CONNECTION WITH THE SOFTWARE OR THE USE OR OTHER DEALINGS IN THE
 * SOFTWARE.
 *
 * MIT License
 *
 * Copyright (c) 2016-present, Airyland
 *
 * Permission is hereby granted, free of charge, to any person obtaining a copy
 * of this software and associated documentation files (the "Software"), to deal
 * in the Software without restriction, including without limitation the rights
 * to use, copy, modify, merge, publish, distribute, sublicense, and/or sell
 * copies of the Software, and to permit persons to whom the Software is
 * furnished to do so, subject to the following conditions:
 *
 * The above copyright notice and this permission notice shall be included in all
 * copies or substantial portions of the Software.
 *
 * THE SOFTWARE IS PROVIDED "AS IS", WITHOUT WARRANTY OF ANY KIND, EXPRESS OR
 * IMPLIED, INCLUDING BUT NOT LIMITED TO THE WARRANTIES OF MERCHANTABILITY,
 * FITNESS FOR A PARTICULAR PURPOSE AND NONINFRINGEMENT. IN NO EVENT SHALL THE
 * AUTHORS OR COPYRIGHT HOLDERS BE LIABLE FOR ANY CLAIM, DAMAGES OR OTHER
 * LIABILITY, WHETHER IN AN ACTION OF CONTRACT, TORT OR OTHERWISE, ARISING FROM,
 * OUT OF OR IN CONNECTION WITH THE SOFTWARE OR THE USE OR OTHER DEALINGS IN THE
 * SOFTWARE.
 *
 * The MIT License (MIT)
 *
 * Copyright (c) 2016 Drifty (http://drifty.com/)
 *
 * Permission is hereby granted, free of charge, to any person obtaining a copy
 * of this software and associated documentation files (the "Software"), to deal
 * in the Software without restriction, including without limitation the rights
 * to use, copy, modify, merge, publish, distribute, sublicense, and/or sell
 * copies of the Software, and to permit persons to whom the Software is
 * furnished to do so, subject to the following conditions:
 *
 * The above copyright notice and this permission notice shall be included in
 * all copies or substantial portions of the Software.
 *
 * THE SOFTWARE IS PROVIDED "AS IS", WITHOUT WARRANTY OF ANY KIND, EXPRESS OR
 * IMPLIED, INCLUDING BUT NOT LIMITED TO THE WARRANTIES OF MERCHANTABILITY,
 * FITNESS FOR A PARTICULAR PURPOSE AND NONINFRINGEMENT. IN NO EVENT SHALL THE
 * AUTHORS OR COPYRIGHT HOLDERS BE LIABLE FOR ANY CLAIM, DAMAGES OR OTHER
 * LIABILITY, WHETHER IN AN ACTION OF CONTRACT, TORT OR OTHERWISE, ARISING FROM,
 * OUT OF OR IN CONNECTION WITH THE SOFTWARE OR THE USE OR OTHER DEALINGS IN
 * THE SOFTWARE.
 *
 * The MIT License (MIT)
 *
 * Copyright (c) 2015 greyby
 *
 * Permission is hereby granted, free of charge, to any person obtaining a copy
 * of this software and associated documentation files (the "Software"), to deal
 * in the Software without restriction, including without limitation the rights
 * to use, copy, modify, merge, publish, distribute, sublicense, and/or sell
 * copies of the Software, and to permit persons to whom the Software is
 * furnished to do so, subject to the following conditions:
 *
 * The above copyright notice and this permission notice shall be included in all
 * copies or substantial portions of the Software.
 *
 * THE SOFTWARE IS PROVIDED "AS IS", WITHOUT WARRANTY OF ANY KIND, EXPRESS OR
 * IMPLIED, INCLUDING BUT NOT LIMITED TO THE WARRANTIES OF MERCHANTABILITY,
 * FITNESS FOR A PARTICULAR PURPOSE AND NONINFRINGEMENT. IN NO EVENT SHALL THE
 * AUTHORS OR COPYRIGHT HOLDERS BE LIABLE FOR ANY CLAIM, DAMAGES OR OTHER
 * LIABILITY, WHETHER IN AN ACTION OF CONTRACT, TORT OR OTHERWISE, ARISING FROM,
 * OUT OF OR IN CONNECTION WITH THE SOFTWARE OR THE USE OR OTHER DEALINGS IN THE
 * SOFTWARE.
*/
!function(e,t){"object"==typeof exports&&"object"==typeof module?module.exports=t(require("vue")):"function"==typeof define&&define.amd?define("iview/locale",["vue"],t):"object"==typeof exports?exports["iview/locale"]=t(require("vue")):e["iview/locale"]=t(e.Vue)}("undefined"!=typeof self?self:this,function(e){return function(e){var t={};function o(r){if(t[r])return t[r].exports;var n=t[r]={i:r,l:!1,exports:{}};return e[r].call(n.exports,n,n.exports,o),n.l=!0,n.exports}return o.m=e,o.c=t,o.d=function(e,t,r){o.o(e,t)||Object.defineProperty(e,t,{configurable:!1,enumerable:!0,get:r})},o.n=function(e){var t=e&&e.__esModule?function(){return e.default}:function(){return e};return o.d(t,"a",t),t},o.o=function(e,t){return Object.prototype.hasOwnProperty.call(e,t)},o.p="/dist/locale/",o(o.s=8)}({0:function(e,t,o){"use strict";Object.defineProperty(t,"__esModule",{value:!0}),t.default=function(e){r||void 0!==window.iview&&("langs"in iview||(iview.langs={}),iview.langs[e.i.locale]=e)};var r=function(e){return e&&e.__esModule?e:{default:e}}(o(1)).default.prototype.$isServer},1:function(t,o){t.exports=e},8:function(e,t,o){"use strict";Object.defineProperty(t,"__esModule",{value:!0});var r={i:{locale:"en-US",select:{placeholder:"Select",noMatch:"No matching data",loading:"Loading"},table:{noDataText:"No Data",noFilteredDataText:"No filter data",confirmFilter:"Confirm",resetFilter:"Reset",clearFilter:"All"},datepicker:{selectDate:"Select date",selectTime:"Select time",startTime:"Start Time",endTime:"End Time",clear:"Clear",ok:"OK",datePanelLabel:"[mmmm] [yyyy]",month:"Month",month1:"January",month2:"February",month3:"March",month4:"April",month5:"May",month6:"June",month7:"July",month8:"August",month9:"September",month10:"October",month11:"November",month12:"December",year:"Year",weekStartDay:"0",weeks:{sun:"Sun",mon:"Mon",tue:"Tue",wed:"Wed",thu:"Thu",fri:"Fri",sat:"Sat"},months:{m1:"Jan",m2:"Feb",m3:"Mar",m4:"Apr",m5:"May",m6:"Jun",m7:"Jul",m8:"Aug",m9:"Sep",m10:"Oct",m11:"Nov",m12:"Dec"}},transfer:{titles:{source:"Source",target:"Target"},filterPlaceholder:"Search here",notFoundText:"Not Found"},modal:{okText:"OK",cancelText:"Cancel"},poptip:{okText:"OK",cancelText:"Cancel"},page:{prev:"Previous Page",next:"Next Page",total:"Total",item:"item",items:"items",prev5:"Previous 5 Pages",next5:"Next 5 Pages",page:"/page",goto:"Goto",p:""},rate:{star:"Star",stars:"Stars"},time:{before:" ago",after:" after",just:"just now",seconds:" seconds",minutes:" minutes",hours:" hours",days:" days"},tree:{emptyText:"No Data"}}};(0,function(e){return e&&e.__esModule?e:{default:e}}(o(0)).default)(r),t.default=r}})});
//# sourceMappingURL=en-US.js.map]]></script>
        <script_name>vue_iview_en-3.4.1.min</script_name>
        <sys_class_name>sys_ui_script</sys_class_name>
        <sys_created_by>fcheng</sys_created_by>
        <sys_created_on>2019-05-02 18:55:48</sys_created_on>
        <sys_id>23c10be7db4df3403445710439961998</sys_id>
        <sys_mod_count>0</sys_mod_count>
        <sys_name>x_forti_fmgintgv2.vue_iview_en-3.4.1.min</sys_name>
        <sys_package display_value="Security Operations FortiManager Integration V2" source="x_forti_fmgintgv2">7c729b7edbf5a300310473e1ba9619cf</sys_package>
        <sys_policy/>
        <sys_scope display_value="Security Operations FortiManager Integration V2">7c729b7edbf5a300310473e1ba9619cf</sys_scope>
        <sys_update_name>sys_ui_script_23c10be7db4df3403445710439961998</sys_update_name>
        <sys_updated_by>fcheng</sys_updated_by>
        <sys_updated_on>2019-05-02 18:55:48</sys_updated_on>
        <ui_type>0</ui_type>
        <use_scoped_format>false</use_scoped_format>
    </sys_ui_script>
</record_update>
