<?xml version="1.0" encoding="UTF-8"?><record_update table="sys_number">
    <sys_number action="INSERT_OR_UPDATE">
        <category display_value="" name="x_forti_fmgintgv2_fmg_script_stage">x_forti_fmgintgv2_fmg_script_stage</category>
        <maximum_digits>13</maximum_digits>
        <number>1</number>
        <prefix>SID</prefix>
        <sys_class_name>sys_number</sys_class_name>
        <sys_created_by>jhsieh</sys_created_by>
        <sys_created_on>2019-01-23 23:03:24</sys_created_on>
        <sys_id>6825ce77db076f00310473e1ba96196f</sys_id>
        <sys_mod_count>2</sys_mod_count>
        <sys_name>SID</sys_name>
        <sys_package display_value="Security Operations FortiManager Integration V2" source="x_forti_fmgintgv2">7c729b7edbf5a300310473e1ba9619cf</sys_package>
        <sys_policy/>
        <sys_scope display_value="Security Operations FortiManager Integration V2">7c729b7edbf5a300310473e1ba9619cf</sys_scope>
        <sys_update_name>sys_number_6825ce77db076f00310473e1ba96196f</sys_update_name>
        <sys_updated_by>jhsieh</sys_updated_by>
        <sys_updated_on>2019-02-22 00:13:04</sys_updated_on>
    </sys_number>
</record_update>
