<?xml version="1.0" encoding="UTF-8"?><record_update table="sys_embedded_help_role">
    <sys_embedded_help_role action="INSERT_OR_UPDATE">
        <order>1000</order>
        <role display_value="x_forti_fmgintgv2.sys_prop_write" name="x_forti_fmgintgv2.sys_prop_write">f66b93b2db39a300310473e1ba9619ce</role>
        <sys_class_name>sys_embedded_help_role</sys_class_name>
        <sys_created_by>jxiang</sys_created_by>
        <sys_created_on>2018-11-19 23:28:26</sys_created_on>
        <sys_id>298b1ff2db39a300310473e1ba9619fc</sys_id>
        <sys_mod_count>0</sys_mod_count>
        <sys_name>f66b93b2db39a300310473e1ba9619ce</sys_name>
        <sys_package display_value="Security Operations FortiManager Integration V2" source="x_forti_fmgintgv2">7c729b7edbf5a300310473e1ba9619cf</sys_package>
        <sys_policy/>
        <sys_scope display_value="Security Operations FortiManager Integration V2">7c729b7edbf5a300310473e1ba9619cf</sys_scope>
        <sys_update_name>sys_embedded_help_role_298b1ff2db39a300310473e1ba9619fc</sys_update_name>
        <sys_updated_by>jxiang</sys_updated_by>
        <sys_updated_on>2018-11-19 23:28:26</sys_updated_on>
    </sys_embedded_help_role>
</record_update>
