<?xml version="1.0" encoding="UTF-8"?><record_update>
    <sys_documentation element="installation_device" label="Installation Device" language="en" table="x_forti_fmgintgv2_fmg_script">
        <sys_documentation action="INSERT_OR_UPDATE">
            <element>installation_device</element>
            <help/>
            <hint/>
            <label>Installation Device</label>
            <language>en</language>
            <name>x_forti_fmgintgv2_fmg_script</name>
            <plural>Installation Devices</plural>
            <sys_class_name>sys_documentation</sys_class_name>
            <sys_created_by>jxiang</sys_created_by>
            <sys_created_on>2018-12-04 23:28:34</sys_created_on>
            <sys_id>b96ba8b7db426f00310473e1ba961934</sys_id>
            <sys_mod_count>0</sys_mod_count>
            <sys_name>Installation Device</sys_name>
            <sys_package display_value="Security Operations FortiManager Integration V2" source="x_forti_fmgintgv2">7c729b7edbf5a300310473e1ba9619cf</sys_package>
            <sys_policy/>
            <sys_scope display_value="Security Operations FortiManager Integration V2">7c729b7edbf5a300310473e1ba9619cf</sys_scope>
            <sys_update_name>sys_documentation_x_forti_fmgintgv2_fmg_script_installation_device_en</sys_update_name>
            <sys_updated_by>jxiang</sys_updated_by>
            <sys_updated_on>2018-12-04 23:28:34</sys_updated_on>
            <url/>
            <url_target/>
        </sys_documentation>
    </sys_documentation>
</record_update>
