<?xml version="1.0" encoding="UTF-8"?><record_update table="sys_ui_page">
    <sys_ui_page action="INSERT_OR_UPDATE">
        <category>general</category>
        <client_script/>
        <description/>
        <direct>false</direct>
        <endpoint>x_forti_fmgintgv2_app_fmg_script.do</endpoint>
        <html><![CDATA[<?xml version="1.0" encoding="utf-8" ?>
<j:jelly trim="false" xmlns:j="jelly:core" xmlns:g="glide" xmlns:j2="null" xmlns:g2="null">

    <!-- import style stylesheet -->
    <link href="23aca6aedbe07f003445710439961996.cssdbx" rel="stylesheet" type="text/css">
    </link>

    <!-- import app_fmg_scrip stylesheet -->
    <link href="f07b4316db8e6b00310473e1ba96196a.cssdbx" rel="stylesheet" type="text/css">
    </link>

    <!-- import vue iview font -->
    <link href="a612476fdb4df34034457104399619b8.cssdbx" rel="stylesheet" type="text/css">
    </link>

    <!-- import vue iview stylesheet -->
    <link href="cd52c76fdb4df3403445710439961927.cssdbx" rel="stylesheet" type="text/css">
    </link>

    <!-- import vue related js -->
    <g:requires name="${gs.getCurrentScopeName()}.vue-2.6.10.min.jsdbx" />

    <!-- import iView related js -->
    <g:requires name="${gs.getCurrentScopeName()}.vue_iview_en-3.4.1.min.jsdbx" />
    <g:requires name="${gs.getCurrentScopeName()}.vue_iview-3.4.1.min.jsdbx" />

    <!-- import js -->
    <g:requires name="${gs.getCurrentScopeName()}.UtilCli.jsdbx" />
    <g:requires name="${gs.getCurrentScopeName()}.FMGAppRequest.jsdbx" />
    <g:requires name="${gs.getCurrentScopeName()}.app_fmg_script.jsdbx" />

    <!-- app -->
    <div id="app"></div>
</j:jelly>]]></html>
        <name>app_fmg_script</name>
        <processing_script/>
        <sys_class_name>sys_ui_page</sys_class_name>
        <sys_created_by>jxiang</sys_created_by>
        <sys_created_on>2018-12-03 18:39:04</sys_created_on>
        <sys_id>8d3f1ad7db022f00310473e1ba96192a</sys_id>
        <sys_mod_count>6</sys_mod_count>
        <sys_name>app_fmg_script</sys_name>
        <sys_package display_value="Security Operations FortiManager Integration V2" source="x_forti_fmgintgv2">7c729b7edbf5a300310473e1ba9619cf</sys_package>
        <sys_policy>read</sys_policy>
        <sys_scope display_value="Security Operations FortiManager Integration V2">7c729b7edbf5a300310473e1ba9619cf</sys_scope>
        <sys_update_name>sys_ui_page_8d3f1ad7db022f00310473e1ba96192a</sys_update_name>
        <sys_updated_by>fcheng</sys_updated_by>
        <sys_updated_on>2019-05-02 19:07:23</sys_updated_on>
    </sys_ui_page>
</record_update>
