<?xml version="1.0" encoding="UTF-8"?><record_update sys_domain="global" table="sys_app_application">
    <sys_app_application action="INSERT_OR_UPDATE">
        <active>true</active>
        <category display_value="Custom Applications">e0355b31ef303000a61d5a3615c0fb78</category>
        <description/>
        <device_type>browser</device_type>
        <hint/>
        <name/>
        <order>100</order>
        <roles>x_forti_fmgintgv2.fmg_script_read,x_forti_fmgintgv2.fmg_script_write,x_forti_fmgintgv2.sys_prop_read,x_forti_fmgintgv2.sys_prop_write</roles>
        <sys_class_name>sys_app_application</sys_class_name>
        <sys_created_by>jxiang</sys_created_by>
        <sys_created_on>2018-11-30 18:51:06</sys_created_on>
        <sys_domain>global</sys_domain>
        <sys_domain_path>/</sys_domain_path>
        <sys_id>bb55cfdedb4e6b00310473e1ba961942</sys_id>
        <sys_mod_count>0</sys_mod_count>
        <sys_name>FortiManagerV2 App</sys_name>
        <sys_overrides/>
        <sys_package display_value="Security Operations FortiManager Integration V2" source="x_forti_fmgintgv2">7c729b7edbf5a300310473e1ba9619cf</sys_package>
        <sys_policy/>
        <sys_scope display_value="Security Operations FortiManager Integration V2">7c729b7edbf5a300310473e1ba9619cf</sys_scope>
        <sys_update_name>sys_app_application_bb55cfdedb4e6b00310473e1ba961942</sys_update_name>
        <sys_updated_by>jxiang</sys_updated_by>
        <sys_updated_on>2018-11-30 18:51:06</sys_updated_on>
        <title>FortiManagerV2 App</title>
        <view_name/>
    </sys_app_application>
</record_update>
