<?xml version="1.0" encoding="UTF-8"?><record_update>
    <sys_documentation element="deploy_summary" label="Deploy summary" language="en" table="x_forti_fmgintgv2_fmg_script">
        <sys_documentation action="INSERT_OR_UPDATE">
            <element>deploy_summary</element>
            <help/>
            <hint/>
            <label>Deploy summary</label>
            <language>en</language>
            <name>x_forti_fmgintgv2_fmg_script</name>
            <plural>Deploy summaries</plural>
            <sys_class_name>sys_documentation</sys_class_name>
            <sys_created_by>jhsieh</sys_created_by>
            <sys_created_on>2019-01-25 00:28:35</sys_created_on>
            <sys_id>42322bc0db13af00310473e1ba9619d4</sys_id>
            <sys_mod_count>0</sys_mod_count>
            <sys_name>Deploy summary</sys_name>
            <sys_package display_value="Security Operations FortiManager Integration V2" source="x_forti_fmgintgv2">7c729b7edbf5a300310473e1ba9619cf</sys_package>
            <sys_policy/>
            <sys_scope display_value="Security Operations FortiManager Integration V2">7c729b7edbf5a300310473e1ba9619cf</sys_scope>
            <sys_update_name>sys_documentation_x_forti_fmgintgv2_fmg_script_deploy_summary_en</sys_update_name>
            <sys_updated_by>jhsieh</sys_updated_by>
            <sys_updated_on>2019-01-25 00:28:35</sys_updated_on>
            <url/>
            <url_target/>
        </sys_documentation>
    </sys_documentation>
</record_update>
