<?xml version="1.0" encoding="UTF-8"?><record_update>
    <sys_ui_list parent="" relationship="" sys_domain="global" table="x_forti_fmgintgv2_fmg_script" version="2" view="">
        <sys_ui_list_element action="INSERT_OR_UPDATE">
            <average_value>false</average_value>
            <element>number</element>
            <list_id display_value="x_forti_fmgintgv2_fmg_script" element="NULL" name="x_forti_fmgintgv2_fmg_script" parent="NULL" relationship="NULL" sys_domain="global" view="Default view">33a94c5cdb066700310473e1ba961926</list_id>
            <max_value>false</max_value>
            <min_value>false</min_value>
            <position>0</position>
            <sum>false</sum>
            <sys_created_by>jxiang</sys_created_by>
            <sys_created_on>2018-11-24 00:02:30</sys_created_on>
            <sys_id>fba94c5cdb066700310473e1ba961926</sys_id>
            <sys_mod_count>0</sys_mod_count>
            <sys_updated_by>jxiang</sys_updated_by>
            <sys_updated_on>2018-11-24 00:02:30</sys_updated_on>
        </sys_ui_list_element>
        <sys_ui_list_element action="INSERT_OR_UPDATE">
            <average_value>false</average_value>
            <element>adom</element>
            <list_id display_value="x_forti_fmgintgv2_fmg_script" element="NULL" name="x_forti_fmgintgv2_fmg_script" parent="NULL" relationship="NULL" sys_domain="global" view="Default view">33a94c5cdb066700310473e1ba961926</list_id>
            <max_value>false</max_value>
            <min_value>false</min_value>
            <position>1</position>
            <sum>false</sum>
            <sys_created_by>jxiang</sys_created_by>
            <sys_created_on>2018-11-24 00:02:30</sys_created_on>
            <sys_id>73a94c5cdb066700310473e1ba961927</sys_id>
            <sys_mod_count>0</sys_mod_count>
            <sys_updated_by>jxiang</sys_updated_by>
            <sys_updated_on>2018-11-24 00:02:30</sys_updated_on>
        </sys_ui_list_element>
        <sys_ui_list_element action="INSERT_OR_UPDATE">
            <average_value>false</average_value>
            <element>approved</element>
            <list_id display_value="x_forti_fmgintgv2_fmg_script" element="NULL" name="x_forti_fmgintgv2_fmg_script" parent="NULL" relationship="NULL" sys_domain="global" view="Default view">33a94c5cdb066700310473e1ba961926</list_id>
            <max_value>false</max_value>
            <min_value>false</min_value>
            <position>2</position>
            <sum>false</sum>
            <sys_created_by>jxiang</sys_created_by>
            <sys_created_on>2018-11-24 00:02:30</sys_created_on>
            <sys_id>f3a94c5cdb066700310473e1ba961927</sys_id>
            <sys_mod_count>0</sys_mod_count>
            <sys_updated_by>jxiang</sys_updated_by>
            <sys_updated_on>2018-11-24 00:02:30</sys_updated_on>
        </sys_ui_list_element>
        <sys_ui_list_element action="INSERT_OR_UPDATE">
            <average_value>false</average_value>
            <element>description</element>
            <list_id display_value="x_forti_fmgintgv2_fmg_script" element="NULL" name="x_forti_fmgintgv2_fmg_script" parent="NULL" relationship="NULL" sys_domain="global" view="Default view">33a94c5cdb066700310473e1ba961926</list_id>
            <max_value>false</max_value>
            <min_value>false</min_value>
            <position>3</position>
            <sum>false</sum>
            <sys_created_by>jxiang</sys_created_by>
            <sys_created_on>2018-11-24 00:02:30</sys_created_on>
            <sys_id>77a94c5cdb066700310473e1ba961927</sys_id>
            <sys_mod_count>0</sys_mod_count>
            <sys_updated_by>jxiang</sys_updated_by>
            <sys_updated_on>2018-11-24 00:02:30</sys_updated_on>
        </sys_ui_list_element>
        <sys_ui_list_element action="INSERT_OR_UPDATE">
            <average_value>false</average_value>
            <element>execution_retry_count</element>
            <list_id display_value="x_forti_fmgintgv2_fmg_script" element="NULL" name="x_forti_fmgintgv2_fmg_script" parent="NULL" relationship="NULL" sys_domain="global" view="Default view">33a94c5cdb066700310473e1ba961926</list_id>
            <max_value>false</max_value>
            <min_value>false</min_value>
            <position>4</position>
            <sum>false</sum>
            <sys_created_by>jxiang</sys_created_by>
            <sys_created_on>2018-11-24 00:02:30</sys_created_on>
            <sys_id>f7a94c5cdb066700310473e1ba961927</sys_id>
            <sys_mod_count>0</sys_mod_count>
            <sys_updated_by>jxiang</sys_updated_by>
            <sys_updated_on>2018-11-24 00:02:30</sys_updated_on>
        </sys_ui_list_element>
        <sys_ui_list_element action="INSERT_OR_UPDATE">
            <average_value>false</average_value>
            <element>execution_status</element>
            <list_id display_value="x_forti_fmgintgv2_fmg_script" element="NULL" name="x_forti_fmgintgv2_fmg_script" parent="NULL" relationship="NULL" sys_domain="global" view="Default view">33a94c5cdb066700310473e1ba961926</list_id>
            <max_value>false</max_value>
            <min_value>false</min_value>
            <position>5</position>
            <sum>false</sum>
            <sys_created_by>jxiang</sys_created_by>
            <sys_created_on>2018-11-24 00:02:30</sys_created_on>
            <sys_id>7ba94c5cdb066700310473e1ba961927</sys_id>
            <sys_mod_count>0</sys_mod_count>
            <sys_updated_by>jxiang</sys_updated_by>
            <sys_updated_on>2018-11-24 00:02:30</sys_updated_on>
        </sys_ui_list_element>
        <sys_ui_list_element action="INSERT_OR_UPDATE">
            <average_value>false</average_value>
            <element>execution_status_retry_count</element>
            <list_id display_value="x_forti_fmgintgv2_fmg_script" element="NULL" name="x_forti_fmgintgv2_fmg_script" parent="NULL" relationship="NULL" sys_domain="global" view="Default view">33a94c5cdb066700310473e1ba961926</list_id>
            <max_value>false</max_value>
            <min_value>false</min_value>
            <position>6</position>
            <sum>false</sum>
            <sys_created_by>jxiang</sys_created_by>
            <sys_created_on>2018-11-24 00:02:30</sys_created_on>
            <sys_id>fba94c5cdb066700310473e1ba961927</sys_id>
            <sys_mod_count>0</sys_mod_count>
            <sys_updated_by>jxiang</sys_updated_by>
            <sys_updated_on>2018-11-24 00:02:30</sys_updated_on>
        </sys_ui_list_element>
        <sys_ui_list_element action="INSERT_OR_UPDATE">
            <average_value>false</average_value>
            <element>execution_summary</element>
            <list_id display_value="x_forti_fmgintgv2_fmg_script" element="NULL" name="x_forti_fmgintgv2_fmg_script" parent="NULL" relationship="NULL" sys_domain="global" view="Default view">33a94c5cdb066700310473e1ba961926</list_id>
            <max_value>false</max_value>
            <min_value>false</min_value>
            <position>7</position>
            <sum>false</sum>
            <sys_created_by>jxiang</sys_created_by>
            <sys_created_on>2018-11-24 00:02:30</sys_created_on>
            <sys_id>7fa94c5cdb066700310473e1ba961927</sys_id>
            <sys_mod_count>0</sys_mod_count>
            <sys_updated_by>jxiang</sys_updated_by>
            <sys_updated_on>2018-11-24 00:02:30</sys_updated_on>
        </sys_ui_list_element>
        <sys_ui_list_element action="INSERT_OR_UPDATE">
            <average_value>false</average_value>
            <element>is_checking_status</element>
            <list_id display_value="x_forti_fmgintgv2_fmg_script" element="NULL" name="x_forti_fmgintgv2_fmg_script" parent="NULL" relationship="NULL" sys_domain="global" view="Default view">33a94c5cdb066700310473e1ba961926</list_id>
            <max_value>false</max_value>
            <min_value>false</min_value>
            <position>8</position>
            <sum>false</sum>
            <sys_created_by>jxiang</sys_created_by>
            <sys_created_on>2018-11-24 00:02:30</sys_created_on>
            <sys_id>ffa94c5cdb066700310473e1ba961927</sys_id>
            <sys_mod_count>0</sys_mod_count>
            <sys_updated_by>jxiang</sys_updated_by>
            <sys_updated_on>2018-11-24 00:02:30</sys_updated_on>
        </sys_ui_list_element>
        <sys_ui_list_element action="INSERT_OR_UPDATE">
            <average_value>false</average_value>
            <element>is_checking_status_start_time</element>
            <list_id display_value="x_forti_fmgintgv2_fmg_script" element="NULL" name="x_forti_fmgintgv2_fmg_script" parent="NULL" relationship="NULL" sys_domain="global" view="Default view">33a94c5cdb066700310473e1ba961926</list_id>
            <max_value>false</max_value>
            <min_value>false</min_value>
            <position>9</position>
            <sum>false</sum>
            <sys_created_by>jxiang</sys_created_by>
            <sys_created_on>2018-11-24 00:02:30</sys_created_on>
            <sys_id>73a94c5cdb066700310473e1ba961928</sys_id>
            <sys_mod_count>0</sys_mod_count>
            <sys_updated_by>jxiang</sys_updated_by>
            <sys_updated_on>2018-11-24 00:02:30</sys_updated_on>
        </sys_ui_list_element>
        <sys_ui_list action="INSERT_OR_UPDATE">
            <average_value>false</average_value>
            <element/>
            <max_value>false</max_value>
            <min_value>false</min_value>
            <name>x_forti_fmgintgv2_fmg_script</name>
            <parent/>
            <position/>
            <relationship/>
            <sum>false</sum>
            <sys_class_name>sys_ui_list</sys_class_name>
            <sys_created_by>jxiang</sys_created_by>
            <sys_created_on>2018-11-24 00:02:30</sys_created_on>
            <sys_domain>global</sys_domain>
            <sys_domain_path>/</sys_domain_path>
            <sys_id>33a94c5cdb066700310473e1ba961926</sys_id>
            <sys_mod_count>0</sys_mod_count>
            <sys_name>x_forti_fmgintgv2_fmg_script</sys_name>
            <sys_package display_value="Security Operations FortiManager Integration V2" source="x_forti_fmgintgv2">7c729b7edbf5a300310473e1ba9619cf</sys_package>
            <sys_policy/>
            <sys_scope display_value="Security Operations FortiManager Integration V2">7c729b7edbf5a300310473e1ba9619cf</sys_scope>
            <sys_update_name>sys_ui_list_x_forti_fmgintgv2_fmg_script_null</sys_update_name>
            <sys_updated_by>jxiang</sys_updated_by>
            <sys_updated_on>2018-11-24 00:02:30</sys_updated_on>
            <sys_user/>
            <view display_value="Default view" name="NULL">Default view</view>
            <view_name/>
        </sys_ui_list>
    </sys_ui_list>
</record_update>
