<?xml version="1.0" encoding="UTF-8"?><record_update>
    <sys_documentation element="script_name_actual" label="Script name actual" language="en" table="x_forti_fmgintgv2_fmg_script">
        <sys_documentation action="INSERT_OR_UPDATE">
            <element>script_name_actual</element>
            <help/>
            <hint/>
            <label>Script name actual</label>
            <language>en</language>
            <name>x_forti_fmgintgv2_fmg_script</name>
            <plural>Script name actuals</plural>
            <sys_class_name>sys_documentation</sys_class_name>
            <sys_created_by>jhsieh</sys_created_by>
            <sys_created_on>2019-03-12 00:51:00</sys_created_on>
            <sys_id>cf70e843db4cff80310473e1ba96199d</sys_id>
            <sys_mod_count>0</sys_mod_count>
            <sys_name>Script name actual</sys_name>
            <sys_package display_value="Security Operations FortiManager Integration V2" source="x_forti_fmgintgv2">7c729b7edbf5a300310473e1ba9619cf</sys_package>
            <sys_policy/>
            <sys_scope display_value="Security Operations FortiManager Integration V2">7c729b7edbf5a300310473e1ba9619cf</sys_scope>
            <sys_update_name>sys_documentation_x_forti_fmgintgv2_fmg_script_script_name_actual_en</sys_update_name>
            <sys_updated_by>jhsieh</sys_updated_by>
            <sys_updated_on>2019-03-12 00:51:00</sys_updated_on>
            <url/>
            <url_target/>
        </sys_documentation>
    </sys_documentation>
</record_update>
