<?xml version="1.0" encoding="UTF-8"?><record_update table="sys_security_acl_role">
    <sys_security_acl_role action="INSERT_OR_UPDATE">
        <sys_class_name>sys_security_acl_role</sys_class_name>
        <sys_created_by>jxiang</sys_created_by>
        <sys_created_on>2018-11-23 19:04:50</sys_created_on>
        <sys_id>c585c384db826700310473e1ba961918</sys_id>
        <sys_mod_count>0</sys_mod_count>
        <sys_name>x_forti_fmgintgv2_fmg_script.x_forti_fmgintgv2.fmg_script_write</sys_name>
        <sys_package display_value="Security Operations FortiManager Integration V2" source="x_forti_fmgintgv2">7c729b7edbf5a300310473e1ba9619cf</sys_package>
        <sys_policy/>
        <sys_scope display_value="Security Operations FortiManager Integration V2">7c729b7edbf5a300310473e1ba9619cf</sys_scope>
        <sys_security_acl display_value="x_forti_fmgintgv2_fmg_script">4c8dbeccdb426700310473e1ba961923</sys_security_acl>
        <sys_update_name>sys_security_acl_role_c585c384db826700310473e1ba961918</sys_update_name>
        <sys_updated_by>jxiang</sys_updated_by>
        <sys_updated_on>2018-11-23 19:04:50</sys_updated_on>
        <sys_user_role display_value="x_forti_fmgintgv2.fmg_script_write" name="x_forti_fmgintgv2.fmg_script_write">6b158f04db826700310473e1ba961953</sys_user_role>
        <transaction_id/>
    </sys_security_acl_role>
</record_update>
