<?xml version="1.0" encoding="UTF-8"?><record_update table="sys_properties">
    <sys_properties action="INSERT_OR_UPDATE">
        <choices/>
        <description>Default:</description>
        <ignore_cache>true</ignore_cache>
        <is_private>true</is_private>
        <name>x_forti_fmgintgv2.jsonrpc.password</name>
        <read_roles>x_forti_fmgintgv2.sys_prop_write,x_forti_fmgintgv2.sys_prop_read</read_roles>
        <suffix>jsonrpc.password</suffix>
        <sys_class_name>sys_properties</sys_class_name>
        <sys_created_by>jxiang</sys_created_by>
        <sys_created_on>2018-11-24 00:37:43</sys_created_on>
        <sys_id>4d91945cdb066700310473e1ba961902</sys_id>
        <sys_mod_count>29</sys_mod_count>
        <sys_name>x_forti_fmgintgv2.jsonrpc.password</sys_name>
        <sys_package display_value="Security Operations FortiManager Integration V2" source="x_forti_fmgintgv2">7c729b7edbf5a300310473e1ba9619cf</sys_package>
        <sys_policy/>
        <sys_scope display_value="Security Operations FortiManager Integration V2">7c729b7edbf5a300310473e1ba9619cf</sys_scope>
        <sys_update_name>sys_properties_4d91945cdb066700310473e1ba961902</sys_update_name>
        <sys_updated_by>fcheng</sys_updated_by>
        <sys_updated_on>2019-05-02 21:10:23</sys_updated_on>
        <type>password</type>
        <value/>
        <write_roles>x_forti_fmgintgv2.sys_prop_write</write_roles>
    </sys_properties>
    <sys_translated_text action="delete_multiple" query="documentkey=4d91945cdb066700310473e1ba961902"/>
</record_update>
