<?xml version="1.0" encoding="UTF-8"?><record_update table="sys_user_role">
    <sys_user_role action="INSERT_OR_UPDATE">
        <assignable_by/>
        <can_delegate>true</can_delegate>
        <description/>
        <elevated_privilege>false</elevated_privilege>
        <encryption_context/>
        <grantable>true</grantable>
        <includes_roles/>
        <name>x_forti_fmgintgv2.sys_prop_write</name>
        <requires_subscription>0</requires_subscription>
        <scoped_admin>false</scoped_admin>
        <suffix>sys_prop_write</suffix>
        <sys_class_name>sys_user_role</sys_class_name>
        <sys_created_by>jxiang</sys_created_by>
        <sys_created_on>2018-11-19 23:28:26</sys_created_on>
        <sys_id>f66b93b2db39a300310473e1ba9619ce</sys_id>
        <sys_mod_count>0</sys_mod_count>
        <sys_name>x_forti_fmgintgv2.sys_prop_write</sys_name>
        <sys_package display_value="Security Operations FortiManager Integration V2" source="x_forti_fmgintgv2">7c729b7edbf5a300310473e1ba9619cf</sys_package>
        <sys_policy/>
        <sys_scope display_value="Security Operations FortiManager Integration V2">7c729b7edbf5a300310473e1ba9619cf</sys_scope>
        <sys_update_name>sys_user_role_f66b93b2db39a300310473e1ba9619ce</sys_update_name>
        <sys_updated_by>jxiang</sys_updated_by>
        <sys_updated_on>2018-11-19 23:28:26</sys_updated_on>
    </sys_user_role>
</record_update>
