<?xml version="1.0" encoding="UTF-8"?><record_update>
    <sys_documentation element="u_installation_device" label="Installation device" language="en" table="x_forti_fmgintgv2_fmg_script_stage">
        <sys_documentation action="INSERT_OR_UPDATE">
            <element>u_installation_device</element>
            <help/>
            <hint/>
            <label>Installation device</label>
            <language>en</language>
            <name>x_forti_fmgintgv2_fmg_script_stage</name>
            <plural>Installation devices</plural>
            <sys_class_name>sys_documentation</sys_class_name>
            <sys_created_by>jhsieh</sys_created_by>
            <sys_created_on>2019-01-23 23:01:49</sys_created_on>
            <sys_id>69c40e77db076f00310473e1ba96199a</sys_id>
            <sys_mod_count>0</sys_mod_count>
            <sys_name>Installation device</sys_name>
            <sys_package display_value="Security Operations FortiManager Integration V2" source="x_forti_fmgintgv2">7c729b7edbf5a300310473e1ba9619cf</sys_package>
            <sys_policy/>
            <sys_scope display_value="Security Operations FortiManager Integration V2">7c729b7edbf5a300310473e1ba9619cf</sys_scope>
            <sys_update_name>sys_documentation_x_forti_fmgintgv2_fmg_script_stage_u_installation_device_en</sys_update_name>
            <sys_updated_by>jhsieh</sys_updated_by>
            <sys_updated_on>2019-01-23 23:01:49</sys_updated_on>
            <url/>
            <url_target/>
        </sys_documentation>
    </sys_documentation>
</record_update>
