<?xml version="1.0" encoding="UTF-8"?><record_update>
    <sys_ui_section caption="" section_id="8ed878f3db826f00310473e1ba96194e" sys_domain="global" table="x_forti_fmgintgv2_fmg_script" version="3" view="">
        <sys_ui_element action="INSERT_OR_UPDATE">
            <element>.begin_split</element>
            <position>0</position>
            <sys_created_by>jxiang</sys_created_by>
            <sys_created_on>2018-12-05 00:27:18</sys_created_on>
            <sys_id>82d878f3db826f00310473e1ba961955</sys_id>
            <sys_mod_count>0</sys_mod_count>
            <sys_ui_formatter/>
            <sys_ui_section caption="NULL" display_value="" name="x_forti_fmgintgv2_fmg_script" sys_domain="global" view="Default view">8ed878f3db826f00310473e1ba96194e</sys_ui_section>
            <sys_updated_by>jxiang</sys_updated_by>
            <sys_updated_on>2018-12-05 00:27:18</sys_updated_on>
            <sys_user/>
            <type>.begin_split</type>
        </sys_ui_element>
        <sys_ui_element action="INSERT_OR_UPDATE">
            <element>number</element>
            <position>1</position>
            <sys_created_by>jxiang</sys_created_by>
            <sys_created_on>2018-12-05 00:27:18</sys_created_on>
            <sys_id>8ad878f3db826f00310473e1ba961955</sys_id>
            <sys_mod_count>0</sys_mod_count>
            <sys_ui_formatter/>
            <sys_ui_section caption="NULL" display_value="" name="x_forti_fmgintgv2_fmg_script" sys_domain="global" view="Default view">8ed878f3db826f00310473e1ba96194e</sys_ui_section>
            <sys_updated_by>jxiang</sys_updated_by>
            <sys_updated_on>2018-12-05 00:27:18</sys_updated_on>
            <sys_user/>
            <type/>
        </sys_ui_element>
        <sys_ui_element action="INSERT_OR_UPDATE">
            <element>.split</element>
            <position>2</position>
            <sys_created_by>jxiang</sys_created_by>
            <sys_created_on>2018-12-05 00:27:18</sys_created_on>
            <sys_id>0ed878f3db826f00310473e1ba961955</sys_id>
            <sys_mod_count>0</sys_mod_count>
            <sys_ui_formatter/>
            <sys_ui_section caption="NULL" display_value="" name="x_forti_fmgintgv2_fmg_script" sys_domain="global" view="Default view">8ed878f3db826f00310473e1ba96194e</sys_ui_section>
            <sys_updated_by>jxiang</sys_updated_by>
            <sys_updated_on>2018-12-05 00:27:18</sys_updated_on>
            <sys_user/>
            <type>.split</type>
        </sys_ui_element>
        <sys_ui_element action="INSERT_OR_UPDATE">
            <element>script_name</element>
            <position>3</position>
            <sys_created_by>jxiang</sys_created_by>
            <sys_created_on>2018-12-05 00:27:18</sys_created_on>
            <sys_id>8ed878f3db826f00310473e1ba961955</sys_id>
            <sys_mod_count>0</sys_mod_count>
            <sys_ui_formatter/>
            <sys_ui_section caption="NULL" display_value="" name="x_forti_fmgintgv2_fmg_script" sys_domain="global" view="Default view">8ed878f3db826f00310473e1ba96194e</sys_ui_section>
            <sys_updated_by>jxiang</sys_updated_by>
            <sys_updated_on>2018-12-05 00:27:18</sys_updated_on>
            <sys_user/>
            <type/>
        </sys_ui_element>
        <sys_ui_element action="INSERT_OR_UPDATE">
            <element>.end_split</element>
            <position>4</position>
            <sys_created_by>jxiang</sys_created_by>
            <sys_created_on>2018-12-05 00:27:18</sys_created_on>
            <sys_id>02d878f3db826f00310473e1ba961956</sys_id>
            <sys_mod_count>0</sys_mod_count>
            <sys_ui_formatter/>
            <sys_ui_section caption="NULL" display_value="" name="x_forti_fmgintgv2_fmg_script" sys_domain="global" view="Default view">8ed878f3db826f00310473e1ba96194e</sys_ui_section>
            <sys_updated_by>jxiang</sys_updated_by>
            <sys_updated_on>2018-12-05 00:27:18</sys_updated_on>
            <sys_user/>
            <type>.end_split</type>
        </sys_ui_element>
        <sys_ui_element action="INSERT_OR_UPDATE">
            <element>description</element>
            <position>5</position>
            <sys_created_by>jxiang</sys_created_by>
            <sys_created_on>2018-12-05 00:27:18</sys_created_on>
            <sys_id>82d878f3db826f00310473e1ba961956</sys_id>
            <sys_mod_count>0</sys_mod_count>
            <sys_ui_formatter/>
            <sys_ui_section caption="NULL" display_value="" name="x_forti_fmgintgv2_fmg_script" sys_domain="global" view="Default view">8ed878f3db826f00310473e1ba96194e</sys_ui_section>
            <sys_updated_by>jxiang</sys_updated_by>
            <sys_updated_on>2018-12-05 00:27:18</sys_updated_on>
            <sys_user/>
            <type/>
        </sys_ui_element>
        <sys_ui_element action="INSERT_OR_UPDATE">
            <element>.begin_split</element>
            <position>6</position>
            <sys_created_by>jxiang</sys_created_by>
            <sys_created_on>2018-12-05 00:27:18</sys_created_on>
            <sys_id>06d878f3db826f00310473e1ba961956</sys_id>
            <sys_mod_count>0</sys_mod_count>
            <sys_ui_formatter/>
            <sys_ui_section caption="NULL" display_value="" name="x_forti_fmgintgv2_fmg_script" sys_domain="global" view="Default view">8ed878f3db826f00310473e1ba96194e</sys_ui_section>
            <sys_updated_by>jxiang</sys_updated_by>
            <sys_updated_on>2018-12-05 00:27:18</sys_updated_on>
            <sys_user/>
            <type>.begin_split</type>
        </sys_ui_element>
        <sys_ui_element action="INSERT_OR_UPDATE">
            <element>is_draft</element>
            <position>7</position>
            <sys_created_by>jxiang</sys_created_by>
            <sys_created_on>2018-12-05 00:27:18</sys_created_on>
            <sys_id>86d878f3db826f00310473e1ba961956</sys_id>
            <sys_mod_count>0</sys_mod_count>
            <sys_ui_formatter/>
            <sys_ui_section caption="NULL" display_value="" name="x_forti_fmgintgv2_fmg_script" sys_domain="global" view="Default view">8ed878f3db826f00310473e1ba96194e</sys_ui_section>
            <sys_updated_by>jxiang</sys_updated_by>
            <sys_updated_on>2018-12-05 00:27:18</sys_updated_on>
            <sys_user/>
            <type/>
        </sys_ui_element>
        <sys_ui_element action="INSERT_OR_UPDATE">
            <element>itsm_incident_id</element>
            <position>8</position>
            <sys_created_by>jxiang</sys_created_by>
            <sys_created_on>2018-12-05 00:27:18</sys_created_on>
            <sys_id>0ad878f3db826f00310473e1ba961956</sys_id>
            <sys_mod_count>0</sys_mod_count>
            <sys_ui_formatter/>
            <sys_ui_section caption="NULL" display_value="" name="x_forti_fmgintgv2_fmg_script" sys_domain="global" view="Default view">8ed878f3db826f00310473e1ba96194e</sys_ui_section>
            <sys_updated_by>jxiang</sys_updated_by>
            <sys_updated_on>2018-12-05 00:27:18</sys_updated_on>
            <sys_user/>
            <type/>
        </sys_ui_element>
        <sys_ui_element action="INSERT_OR_UPDATE">
            <element>.split</element>
            <position>9</position>
            <sys_created_by>jxiang</sys_created_by>
            <sys_created_on>2018-12-05 00:27:18</sys_created_on>
            <sys_id>8ad878f3db826f00310473e1ba961956</sys_id>
            <sys_mod_count>0</sys_mod_count>
            <sys_ui_formatter/>
            <sys_ui_section caption="NULL" display_value="" name="x_forti_fmgintgv2_fmg_script" sys_domain="global" view="Default view">8ed878f3db826f00310473e1ba96194e</sys_ui_section>
            <sys_updated_by>jxiang</sys_updated_by>
            <sys_updated_on>2018-12-05 00:27:18</sys_updated_on>
            <sys_user/>
            <type>.split</type>
        </sys_ui_element>
        <sys_ui_element action="INSERT_OR_UPDATE">
            <element>itsm_incident_no</element>
            <position>10</position>
            <sys_created_by>jxiang</sys_created_by>
            <sys_created_on>2018-12-05 00:27:18</sys_created_on>
            <sys_id>0ed878f3db826f00310473e1ba961956</sys_id>
            <sys_mod_count>0</sys_mod_count>
            <sys_ui_formatter/>
            <sys_ui_section caption="NULL" display_value="" name="x_forti_fmgintgv2_fmg_script" sys_domain="global" view="Default view">8ed878f3db826f00310473e1ba96194e</sys_ui_section>
            <sys_updated_by>jxiang</sys_updated_by>
            <sys_updated_on>2018-12-05 00:27:18</sys_updated_on>
            <sys_user/>
            <type/>
        </sys_ui_element>
        <sys_ui_element action="INSERT_OR_UPDATE">
            <element>.end_split</element>
            <position>11</position>
            <sys_created_by>jxiang</sys_created_by>
            <sys_created_on>2018-12-05 00:27:18</sys_created_on>
            <sys_id>8ed878f3db826f00310473e1ba961956</sys_id>
            <sys_mod_count>0</sys_mod_count>
            <sys_ui_formatter/>
            <sys_ui_section caption="NULL" display_value="" name="x_forti_fmgintgv2_fmg_script" sys_domain="global" view="Default view">8ed878f3db826f00310473e1ba96194e</sys_ui_section>
            <sys_updated_by>jxiang</sys_updated_by>
            <sys_updated_on>2018-12-05 00:27:18</sys_updated_on>
            <sys_user/>
            <type>.end_split</type>
        </sys_ui_element>
        <sys_ui_element action="INSERT_OR_UPDATE">
            <element>script_content</element>
            <position>12</position>
            <sys_created_by>jxiang</sys_created_by>
            <sys_created_on>2018-12-05 00:27:18</sys_created_on>
            <sys_id>02d878f3db826f00310473e1ba961957</sys_id>
            <sys_mod_count>0</sys_mod_count>
            <sys_ui_formatter/>
            <sys_ui_section caption="NULL" display_value="" name="x_forti_fmgintgv2_fmg_script" sys_domain="global" view="Default view">8ed878f3db826f00310473e1ba96194e</sys_ui_section>
            <sys_updated_by>jxiang</sys_updated_by>
            <sys_updated_on>2018-12-05 00:27:18</sys_updated_on>
            <sys_user/>
            <type/>
        </sys_ui_element>
        <sys_ui_element action="INSERT_OR_UPDATE">
            <element>script_content_configured</element>
            <position>13</position>
            <sys_created_by>jxiang</sys_created_by>
            <sys_created_on>2018-12-05 00:27:18</sys_created_on>
            <sys_id>82d878f3db826f00310473e1ba961957</sys_id>
            <sys_mod_count>0</sys_mod_count>
            <sys_ui_formatter/>
            <sys_ui_section caption="NULL" display_value="" name="x_forti_fmgintgv2_fmg_script" sys_domain="global" view="Default view">8ed878f3db826f00310473e1ba96194e</sys_ui_section>
            <sys_updated_by>jxiang</sys_updated_by>
            <sys_updated_on>2018-12-05 00:27:18</sys_updated_on>
            <sys_user/>
            <type/>
        </sys_ui_element>
        <sys_ui_element action="INSERT_OR_UPDATE">
            <element>adom</element>
            <position>14</position>
            <sys_created_by>jxiang</sys_created_by>
            <sys_created_on>2018-12-05 00:27:18</sys_created_on>
            <sys_id>06d878f3db826f00310473e1ba961957</sys_id>
            <sys_mod_count>0</sys_mod_count>
            <sys_ui_formatter/>
            <sys_ui_section caption="NULL" display_value="" name="x_forti_fmgintgv2_fmg_script" sys_domain="global" view="Default view">8ed878f3db826f00310473e1ba96194e</sys_ui_section>
            <sys_updated_by>jxiang</sys_updated_by>
            <sys_updated_on>2018-12-05 00:27:18</sys_updated_on>
            <sys_user/>
            <type/>
        </sys_ui_element>
        <sys_ui_element action="INSERT_OR_UPDATE">
            <element>scope</element>
            <position>15</position>
            <sys_created_by>jxiang</sys_created_by>
            <sys_created_on>2018-12-05 00:27:18</sys_created_on>
            <sys_id>86d878f3db826f00310473e1ba961957</sys_id>
            <sys_mod_count>0</sys_mod_count>
            <sys_ui_formatter/>
            <sys_ui_section caption="NULL" display_value="" name="x_forti_fmgintgv2_fmg_script" sys_domain="global" view="Default view">8ed878f3db826f00310473e1ba96194e</sys_ui_section>
            <sys_updated_by>jxiang</sys_updated_by>
            <sys_updated_on>2018-12-05 00:27:18</sys_updated_on>
            <sys_user/>
            <type/>
        </sys_ui_element>
        <sys_ui_element action="INSERT_OR_UPDATE">
            <element>.begin_split</element>
            <position>16</position>
            <sys_created_by>jxiang</sys_created_by>
            <sys_created_on>2018-12-05 00:27:18</sys_created_on>
            <sys_id>0ad878f3db826f00310473e1ba961957</sys_id>
            <sys_mod_count>0</sys_mod_count>
            <sys_ui_formatter/>
            <sys_ui_section caption="NULL" display_value="" name="x_forti_fmgintgv2_fmg_script" sys_domain="global" view="Default view">8ed878f3db826f00310473e1ba96194e</sys_ui_section>
            <sys_updated_by>jxiang</sys_updated_by>
            <sys_updated_on>2018-12-05 00:27:18</sys_updated_on>
            <sys_user/>
            <type>.begin_split</type>
        </sys_ui_element>
        <sys_ui_element action="INSERT_OR_UPDATE">
            <element>approved</element>
            <position>17</position>
            <sys_created_by>jxiang</sys_created_by>
            <sys_created_on>2018-12-05 00:27:18</sys_created_on>
            <sys_id>8ad878f3db826f00310473e1ba961957</sys_id>
            <sys_mod_count>0</sys_mod_count>
            <sys_ui_formatter/>
            <sys_ui_section caption="NULL" display_value="" name="x_forti_fmgintgv2_fmg_script" sys_domain="global" view="Default view">8ed878f3db826f00310473e1ba96194e</sys_ui_section>
            <sys_updated_by>jxiang</sys_updated_by>
            <sys_updated_on>2018-12-05 00:27:18</sys_updated_on>
            <sys_user/>
            <type/>
        </sys_ui_element>
        <sys_ui_element action="INSERT_OR_UPDATE">
            <element>is_executing</element>
            <position>18</position>
            <sys_created_by>jxiang</sys_created_by>
            <sys_created_on>2018-12-05 00:27:18</sys_created_on>
            <sys_id>0ed878f3db826f00310473e1ba961957</sys_id>
            <sys_mod_count>0</sys_mod_count>
            <sys_ui_formatter/>
            <sys_ui_section caption="NULL" display_value="" name="x_forti_fmgintgv2_fmg_script" sys_domain="global" view="Default view">8ed878f3db826f00310473e1ba96194e</sys_ui_section>
            <sys_updated_by>jxiang</sys_updated_by>
            <sys_updated_on>2018-12-05 00:27:18</sys_updated_on>
            <sys_user/>
            <type/>
        </sys_ui_element>
        <sys_ui_element action="INSERT_OR_UPDATE">
            <element>is_executing_start_time</element>
            <position>19</position>
            <sys_created_by>jxiang</sys_created_by>
            <sys_created_on>2018-12-05 00:27:18</sys_created_on>
            <sys_id>8ed878f3db826f00310473e1ba961957</sys_id>
            <sys_mod_count>0</sys_mod_count>
            <sys_ui_formatter/>
            <sys_ui_section caption="NULL" display_value="" name="x_forti_fmgintgv2_fmg_script" sys_domain="global" view="Default view">8ed878f3db826f00310473e1ba96194e</sys_ui_section>
            <sys_updated_by>jxiang</sys_updated_by>
            <sys_updated_on>2018-12-05 00:27:18</sys_updated_on>
            <sys_user/>
            <type/>
        </sys_ui_element>
        <sys_ui_element action="INSERT_OR_UPDATE">
            <element>execution_retry_count</element>
            <position>20</position>
            <sys_created_by>jxiang</sys_created_by>
            <sys_created_on>2018-12-05 00:27:18</sys_created_on>
            <sys_id>02d878f3db826f00310473e1ba961958</sys_id>
            <sys_mod_count>0</sys_mod_count>
            <sys_ui_formatter/>
            <sys_ui_section caption="NULL" display_value="" name="x_forti_fmgintgv2_fmg_script" sys_domain="global" view="Default view">8ed878f3db826f00310473e1ba96194e</sys_ui_section>
            <sys_updated_by>jxiang</sys_updated_by>
            <sys_updated_on>2018-12-05 00:27:18</sys_updated_on>
            <sys_user/>
            <type/>
        </sys_ui_element>
        <sys_ui_element action="INSERT_OR_UPDATE">
            <element>is_checking_status</element>
            <position>21</position>
            <sys_created_by>jxiang</sys_created_by>
            <sys_created_on>2018-12-05 00:27:18</sys_created_on>
            <sys_id>82d878f3db826f00310473e1ba961958</sys_id>
            <sys_mod_count>0</sys_mod_count>
            <sys_ui_formatter/>
            <sys_ui_section caption="NULL" display_value="" name="x_forti_fmgintgv2_fmg_script" sys_domain="global" view="Default view">8ed878f3db826f00310473e1ba96194e</sys_ui_section>
            <sys_updated_by>jxiang</sys_updated_by>
            <sys_updated_on>2018-12-05 00:27:18</sys_updated_on>
            <sys_user/>
            <type/>
        </sys_ui_element>
        <sys_ui_element action="INSERT_OR_UPDATE">
            <element>.split</element>
            <position>22</position>
            <sys_created_by>jxiang</sys_created_by>
            <sys_created_on>2018-12-05 00:27:18</sys_created_on>
            <sys_id>06d878f3db826f00310473e1ba961958</sys_id>
            <sys_mod_count>0</sys_mod_count>
            <sys_ui_formatter/>
            <sys_ui_section caption="NULL" display_value="" name="x_forti_fmgintgv2_fmg_script" sys_domain="global" view="Default view">8ed878f3db826f00310473e1ba96194e</sys_ui_section>
            <sys_updated_by>jxiang</sys_updated_by>
            <sys_updated_on>2018-12-05 00:27:18</sys_updated_on>
            <sys_user/>
            <type>.split</type>
        </sys_ui_element>
        <sys_ui_element action="INSERT_OR_UPDATE">
            <element>is_checking_status_start_time</element>
            <position>23</position>
            <sys_created_by>jxiang</sys_created_by>
            <sys_created_on>2018-12-05 00:27:18</sys_created_on>
            <sys_id>86d878f3db826f00310473e1ba961958</sys_id>
            <sys_mod_count>0</sys_mod_count>
            <sys_ui_formatter/>
            <sys_ui_section caption="NULL" display_value="" name="x_forti_fmgintgv2_fmg_script" sys_domain="global" view="Default view">8ed878f3db826f00310473e1ba96194e</sys_ui_section>
            <sys_updated_by>jxiang</sys_updated_by>
            <sys_updated_on>2018-12-05 00:27:18</sys_updated_on>
            <sys_user/>
            <type/>
        </sys_ui_element>
        <sys_ui_element action="INSERT_OR_UPDATE">
            <element>execution_status_retry_count</element>
            <position>24</position>
            <sys_created_by>jxiang</sys_created_by>
            <sys_created_on>2018-12-05 00:27:18</sys_created_on>
            <sys_id>0ad878f3db826f00310473e1ba961958</sys_id>
            <sys_mod_count>0</sys_mod_count>
            <sys_ui_formatter/>
            <sys_ui_section caption="NULL" display_value="" name="x_forti_fmgintgv2_fmg_script" sys_domain="global" view="Default view">8ed878f3db826f00310473e1ba96194e</sys_ui_section>
            <sys_updated_by>jxiang</sys_updated_by>
            <sys_updated_on>2018-12-05 00:27:18</sys_updated_on>
            <sys_user/>
            <type/>
        </sys_ui_element>
        <sys_ui_element action="INSERT_OR_UPDATE">
            <element>task_id</element>
            <position>25</position>
            <sys_created_by>jxiang</sys_created_by>
            <sys_created_on>2018-12-05 00:27:18</sys_created_on>
            <sys_id>8ad878f3db826f00310473e1ba961958</sys_id>
            <sys_mod_count>0</sys_mod_count>
            <sys_ui_formatter/>
            <sys_ui_section caption="NULL" display_value="" name="x_forti_fmgintgv2_fmg_script" sys_domain="global" view="Default view">8ed878f3db826f00310473e1ba96194e</sys_ui_section>
            <sys_updated_by>jxiang</sys_updated_by>
            <sys_updated_on>2018-12-05 00:27:18</sys_updated_on>
            <sys_user/>
            <type/>
        </sys_ui_element>
        <sys_ui_element action="INSERT_OR_UPDATE">
            <element>execution_status</element>
            <position>26</position>
            <sys_created_by>jxiang</sys_created_by>
            <sys_created_on>2018-12-05 00:27:18</sys_created_on>
            <sys_id>0ed878f3db826f00310473e1ba961958</sys_id>
            <sys_mod_count>0</sys_mod_count>
            <sys_ui_formatter/>
            <sys_ui_section caption="NULL" display_value="" name="x_forti_fmgintgv2_fmg_script" sys_domain="global" view="Default view">8ed878f3db826f00310473e1ba96194e</sys_ui_section>
            <sys_updated_by>jxiang</sys_updated_by>
            <sys_updated_on>2018-12-05 00:27:18</sys_updated_on>
            <sys_user/>
            <type/>
        </sys_ui_element>
        <sys_ui_element action="INSERT_OR_UPDATE">
            <element>.end_split</element>
            <position>27</position>
            <sys_created_by>jxiang</sys_created_by>
            <sys_created_on>2018-12-05 00:27:18</sys_created_on>
            <sys_id>8ed878f3db826f00310473e1ba961958</sys_id>
            <sys_mod_count>0</sys_mod_count>
            <sys_ui_formatter/>
            <sys_ui_section caption="NULL" display_value="" name="x_forti_fmgintgv2_fmg_script" sys_domain="global" view="Default view">8ed878f3db826f00310473e1ba96194e</sys_ui_section>
            <sys_updated_by>jxiang</sys_updated_by>
            <sys_updated_on>2018-12-05 00:27:18</sys_updated_on>
            <sys_user/>
            <type>.end_split</type>
        </sys_ui_element>
        <sys_ui_element action="INSERT_OR_UPDATE">
            <element>execution_summary</element>
            <position>28</position>
            <sys_created_by>jxiang</sys_created_by>
            <sys_created_on>2018-12-05 00:27:18</sys_created_on>
            <sys_id>02d878f3db826f00310473e1ba961959</sys_id>
            <sys_mod_count>0</sys_mod_count>
            <sys_ui_formatter/>
            <sys_ui_section caption="NULL" display_value="" name="x_forti_fmgintgv2_fmg_script" sys_domain="global" view="Default view">8ed878f3db826f00310473e1ba96194e</sys_ui_section>
            <sys_updated_by>jxiang</sys_updated_by>
            <sys_updated_on>2018-12-05 00:27:18</sys_updated_on>
            <sys_user/>
            <type/>
        </sys_ui_element>
        <sys_ui_element action="INSERT_OR_UPDATE">
            <element>.begin_split</element>
            <position>29</position>
            <sys_created_by>jxiang</sys_created_by>
            <sys_created_on>2018-12-05 00:27:18</sys_created_on>
            <sys_id>82d878f3db826f00310473e1ba961959</sys_id>
            <sys_mod_count>0</sys_mod_count>
            <sys_ui_formatter/>
            <sys_ui_section caption="NULL" display_value="" name="x_forti_fmgintgv2_fmg_script" sys_domain="global" view="Default view">8ed878f3db826f00310473e1ba96194e</sys_ui_section>
            <sys_updated_by>jxiang</sys_updated_by>
            <sys_updated_on>2018-12-05 00:27:18</sys_updated_on>
            <sys_user/>
            <type>.begin_split</type>
        </sys_ui_element>
        <sys_ui_element action="INSERT_OR_UPDATE">
            <element>policy_package</element>
            <position>30</position>
            <sys_created_by>jxiang</sys_created_by>
            <sys_created_on>2018-12-05 00:27:18</sys_created_on>
            <sys_id>06d878f3db826f00310473e1ba961959</sys_id>
            <sys_mod_count>0</sys_mod_count>
            <sys_ui_formatter/>
            <sys_ui_section caption="NULL" display_value="" name="x_forti_fmgintgv2_fmg_script" sys_domain="global" view="Default view">8ed878f3db826f00310473e1ba96194e</sys_ui_section>
            <sys_updated_by>jxiang</sys_updated_by>
            <sys_updated_on>2018-12-05 00:27:18</sys_updated_on>
            <sys_user/>
            <type/>
        </sys_ui_element>
        <sys_ui_element action="INSERT_OR_UPDATE">
            <element>.split</element>
            <position>31</position>
            <sys_created_by>jxiang</sys_created_by>
            <sys_created_on>2018-12-05 00:27:18</sys_created_on>
            <sys_id>86d878f3db826f00310473e1ba961959</sys_id>
            <sys_mod_count>0</sys_mod_count>
            <sys_ui_formatter/>
            <sys_ui_section caption="NULL" display_value="" name="x_forti_fmgintgv2_fmg_script" sys_domain="global" view="Default view">8ed878f3db826f00310473e1ba96194e</sys_ui_section>
            <sys_updated_by>jxiang</sys_updated_by>
            <sys_updated_on>2018-12-05 00:27:18</sys_updated_on>
            <sys_user/>
            <type>.split</type>
        </sys_ui_element>
        <sys_ui_element action="INSERT_OR_UPDATE">
            <element>script_type</element>
            <position>32</position>
            <sys_created_by>jxiang</sys_created_by>
            <sys_created_on>2018-12-05 00:27:18</sys_created_on>
            <sys_id>0ad878f3db826f00310473e1ba961959</sys_id>
            <sys_mod_count>0</sys_mod_count>
            <sys_ui_formatter/>
            <sys_ui_section caption="NULL" display_value="" name="x_forti_fmgintgv2_fmg_script" sys_domain="global" view="Default view">8ed878f3db826f00310473e1ba96194e</sys_ui_section>
            <sys_updated_by>jxiang</sys_updated_by>
            <sys_updated_on>2018-12-05 00:27:18</sys_updated_on>
            <sys_user/>
            <type/>
        </sys_ui_element>
        <sys_ui_element action="INSERT_OR_UPDATE">
            <element>.end_split</element>
            <position>33</position>
            <sys_created_by>jxiang</sys_created_by>
            <sys_created_on>2018-12-05 00:27:18</sys_created_on>
            <sys_id>8ad878f3db826f00310473e1ba961959</sys_id>
            <sys_mod_count>0</sys_mod_count>
            <sys_ui_formatter/>
            <sys_ui_section caption="NULL" display_value="" name="x_forti_fmgintgv2_fmg_script" sys_domain="global" view="Default view">8ed878f3db826f00310473e1ba96194e</sys_ui_section>
            <sys_updated_by>jxiang</sys_updated_by>
            <sys_updated_on>2018-12-05 00:27:18</sys_updated_on>
            <sys_user/>
            <type>.end_split</type>
        </sys_ui_element>
        <sys_ui_element action="INSERT_OR_UPDATE">
            <element>installation_device</element>
            <position>34</position>
            <sys_created_by>jxiang</sys_created_by>
            <sys_created_on>2018-12-05 00:27:18</sys_created_on>
            <sys_id>0ed878f3db826f00310473e1ba961959</sys_id>
            <sys_mod_count>0</sys_mod_count>
            <sys_ui_formatter/>
            <sys_ui_section caption="NULL" display_value="" name="x_forti_fmgintgv2_fmg_script" sys_domain="global" view="Default view">8ed878f3db826f00310473e1ba96194e</sys_ui_section>
            <sys_updated_by>jxiang</sys_updated_by>
            <sys_updated_on>2018-12-05 00:27:18</sys_updated_on>
            <sys_user/>
            <type/>
        </sys_ui_element>
        <sys_ui_element action="INSERT_OR_UPDATE">
            <element>script_content_configured_progress</element>
            <position>35</position>
            <sys_created_by>jxiang</sys_created_by>
            <sys_created_on>2018-12-05 00:27:18</sys_created_on>
            <sys_id>8ed878f3db826f00310473e1ba961959</sys_id>
            <sys_mod_count>0</sys_mod_count>
            <sys_ui_formatter/>
            <sys_ui_section caption="NULL" display_value="" name="x_forti_fmgintgv2_fmg_script" sys_domain="global" view="Default view">8ed878f3db826f00310473e1ba96194e</sys_ui_section>
            <sys_updated_by>jxiang</sys_updated_by>
            <sys_updated_on>2018-12-05 00:27:18</sys_updated_on>
            <sys_user/>
            <type/>
        </sys_ui_element>
        <sys_ui_element action="INSERT_OR_UPDATE">
            <element>script_index_selected</element>
            <position>36</position>
            <sys_created_by>jxiang</sys_created_by>
            <sys_created_on>2018-12-05 18:52:26</sys_created_on>
            <sys_id>fec5b440dbda6f00310473e1ba961941</sys_id>
            <sys_mod_count>0</sys_mod_count>
            <sys_ui_formatter/>
            <sys_ui_section caption="NULL" display_value="" name="x_forti_fmgintgv2_fmg_script" sys_domain="global" view="Default view">8ed878f3db826f00310473e1ba96194e</sys_ui_section>
            <sys_updated_by>jxiang</sys_updated_by>
            <sys_updated_on>2018-12-05 18:52:26</sys_updated_on>
            <sys_user/>
            <type/>
        </sys_ui_element>
        <sys_ui_element action="INSERT_OR_UPDATE">
            <element>device_list</element>
            <position>37</position>
            <sys_created_by>jxiang</sys_created_by>
            <sys_created_on>2018-12-05 18:55:17</sys_created_on>
            <sys_id>d476bc40dbda6f00310473e1ba961999</sys_id>
            <sys_mod_count>0</sys_mod_count>
            <sys_ui_formatter/>
            <sys_ui_section caption="NULL" display_value="" name="x_forti_fmgintgv2_fmg_script" sys_domain="global" view="Default view">8ed878f3db826f00310473e1ba96194e</sys_ui_section>
            <sys_updated_by>jxiang</sys_updated_by>
            <sys_updated_on>2018-12-05 18:55:17</sys_updated_on>
            <sys_user/>
            <type/>
        </sys_ui_element>
        <sys_ui_element action="INSERT_OR_UPDATE">
            <element>script_list</element>
            <position>38</position>
            <sys_created_by>jxiang</sys_created_by>
            <sys_created_on>2018-12-05 18:55:51</sys_created_on>
            <sys_id>6096fc40dbda6f00310473e1ba96194c</sys_id>
            <sys_mod_count>0</sys_mod_count>
            <sys_ui_formatter/>
            <sys_ui_section caption="NULL" display_value="" name="x_forti_fmgintgv2_fmg_script" sys_domain="global" view="Default view">8ed878f3db826f00310473e1ba96194e</sys_ui_section>
            <sys_updated_by>jxiang</sys_updated_by>
            <sys_updated_on>2018-12-05 18:55:51</sys_updated_on>
            <sys_user/>
            <type/>
        </sys_ui_element>
        <sys_ui_element action="INSERT_OR_UPDATE">
            <element>policy_package_list</element>
            <position>39</position>
            <sys_created_by>jxiang</sys_created_by>
            <sys_created_on>2018-12-05 18:56:36</sys_created_on>
            <sys_id>abb6b440dbda6f00310473e1ba961920</sys_id>
            <sys_mod_count>0</sys_mod_count>
            <sys_ui_formatter/>
            <sys_ui_section caption="NULL" display_value="" name="x_forti_fmgintgv2_fmg_script" sys_domain="global" view="Default view">8ed878f3db826f00310473e1ba96194e</sys_ui_section>
            <sys_updated_by>jxiang</sys_updated_by>
            <sys_updated_on>2018-12-05 18:56:36</sys_updated_on>
            <sys_user/>
            <type/>
        </sys_ui_element>
        <sys_ui_element action="INSERT_OR_UPDATE">
            <element>checking_status_percentage</element>
            <position>40</position>
            <sys_created_by>jxiang</sys_created_by>
            <sys_created_on>2018-12-07 00:15:40</sys_created_on>
            <sys_id>17598f94db9aaf00310473e1ba9619a5</sys_id>
            <sys_mod_count>0</sys_mod_count>
            <sys_ui_formatter/>
            <sys_ui_section caption="NULL" display_value="" name="x_forti_fmgintgv2_fmg_script" sys_domain="global" view="Default view">8ed878f3db826f00310473e1ba96194e</sys_ui_section>
            <sys_updated_by>jxiang</sys_updated_by>
            <sys_updated_on>2018-12-07 00:15:40</sys_updated_on>
            <sys_user/>
            <type/>
        </sys_ui_element>
        <sys_ui_element action="INSERT_OR_UPDATE">
            <element>schcreatescript</element>
            <position>41</position>
            <sys_created_by>jhsieh</sys_created_by>
            <sys_created_on>2019-01-23 19:15:58</sys_created_on>
            <sys_id>01115137db836f00310473e1ba961966</sys_id>
            <sys_mod_count>0</sys_mod_count>
            <sys_ui_formatter/>
            <sys_ui_section caption="NULL" display_value="" name="x_forti_fmgintgv2_fmg_script" sys_domain="global" view="Default view">8ed878f3db826f00310473e1ba96194e</sys_ui_section>
            <sys_updated_by>jhsieh</sys_updated_by>
            <sys_updated_on>2019-01-23 19:15:58</sys_updated_on>
            <sys_user/>
            <type/>
        </sys_ui_element>
        <sys_ui_element action="INSERT_OR_UPDATE">
            <element>sch_create_script_status</element>
            <position>42</position>
            <sys_created_by>jhsieh</sys_created_by>
            <sys_created_on>2019-01-23 19:23:57</sys_created_on>
            <sys_id>cee2dd37db836f00310473e1ba9619bd</sys_id>
            <sys_mod_count>0</sys_mod_count>
            <sys_ui_formatter/>
            <sys_ui_section caption="NULL" display_value="" name="x_forti_fmgintgv2_fmg_script" sys_domain="global" view="Default view">8ed878f3db826f00310473e1ba96194e</sys_ui_section>
            <sys_updated_by>jhsieh</sys_updated_by>
            <sys_updated_on>2019-01-23 19:23:57</sys_updated_on>
            <sys_user/>
            <type/>
        </sys_ui_element>
        <sys_ui_element action="INSERT_OR_UPDATE">
            <element>sch_create_script_time</element>
            <position>43</position>
            <sys_created_by>jhsieh</sys_created_by>
            <sys_created_on>2019-01-23 19:23:58</sys_created_on>
            <sys_id>cee2dd77db836f00310473e1ba9619de</sys_id>
            <sys_mod_count>0</sys_mod_count>
            <sys_ui_formatter/>
            <sys_ui_section caption="NULL" display_value="" name="x_forti_fmgintgv2_fmg_script" sys_domain="global" view="Default view">8ed878f3db826f00310473e1ba96194e</sys_ui_section>
            <sys_updated_by>jhsieh</sys_updated_by>
            <sys_updated_on>2019-01-23 19:23:58</sys_updated_on>
            <sys_user/>
            <type/>
        </sys_ui_element>
        <sys_ui_element action="INSERT_OR_UPDATE">
            <element>sch_create_script_count</element>
            <position>44</position>
            <sys_created_by>jhsieh</sys_created_by>
            <sys_created_on>2019-01-23 19:23:58</sys_created_on>
            <sys_id>dee2dd77db836f00310473e1ba9619ea</sys_id>
            <sys_mod_count>0</sys_mod_count>
            <sys_ui_formatter/>
            <sys_ui_section caption="NULL" display_value="" name="x_forti_fmgintgv2_fmg_script" sys_domain="global" view="Default view">8ed878f3db826f00310473e1ba96194e</sys_ui_section>
            <sys_updated_by>jhsieh</sys_updated_by>
            <sys_updated_on>2019-01-23 19:23:58</sys_updated_on>
            <sys_user/>
            <type/>
        </sys_ui_element>
        <sys_ui_element action="INSERT_OR_UPDATE">
            <element>sch_exec_script_status</element>
            <position>45</position>
            <sys_created_by>jhsieh</sys_created_by>
            <sys_created_on>2019-01-23 19:23:58</sys_created_on>
            <sys_id>52e2dd77db836f00310473e1ba9619f7</sys_id>
            <sys_mod_count>0</sys_mod_count>
            <sys_ui_formatter/>
            <sys_ui_section caption="NULL" display_value="" name="x_forti_fmgintgv2_fmg_script" sys_domain="global" view="Default view">8ed878f3db826f00310473e1ba96194e</sys_ui_section>
            <sys_updated_by>jhsieh</sys_updated_by>
            <sys_updated_on>2019-01-23 19:23:58</sys_updated_on>
            <sys_user/>
            <type/>
        </sys_ui_element>
        <sys_ui_element action="INSERT_OR_UPDATE">
            <element>sch_exec_script_time</element>
            <position>46</position>
            <sys_created_by>jhsieh</sys_created_by>
            <sys_created_on>2019-01-23 19:23:58</sys_created_on>
            <sys_id>1ee211b7db836f00310473e1ba96190f</sys_id>
            <sys_mod_count>0</sys_mod_count>
            <sys_ui_formatter/>
            <sys_ui_section caption="NULL" display_value="" name="x_forti_fmgintgv2_fmg_script" sys_domain="global" view="Default view">8ed878f3db826f00310473e1ba96194e</sys_ui_section>
            <sys_updated_by>jhsieh</sys_updated_by>
            <sys_updated_on>2019-01-23 19:23:58</sys_updated_on>
            <sys_user/>
            <type/>
        </sys_ui_element>
        <sys_ui_element action="INSERT_OR_UPDATE">
            <element>sch_exec_script_count</element>
            <position>47</position>
            <sys_created_by>jhsieh</sys_created_by>
            <sys_created_on>2019-01-23 19:23:58</sys_created_on>
            <sys_id>92e211b7db836f00310473e1ba96191c</sys_id>
            <sys_mod_count>0</sys_mod_count>
            <sys_ui_formatter/>
            <sys_ui_section caption="NULL" display_value="" name="x_forti_fmgintgv2_fmg_script" sys_domain="global" view="Default view">8ed878f3db826f00310473e1ba96194e</sys_ui_section>
            <sys_updated_by>jhsieh</sys_updated_by>
            <sys_updated_on>2019-01-23 19:23:58</sys_updated_on>
            <sys_user/>
            <type/>
        </sys_ui_element>
        <sys_ui_element action="INSERT_OR_UPDATE">
            <element>sch_check_exec_status</element>
            <position>48</position>
            <sys_created_by>jhsieh</sys_created_by>
            <sys_created_on>2019-01-23 19:23:59</sys_created_on>
            <sys_id>9ae211b7db836f00310473e1ba961928</sys_id>
            <sys_mod_count>0</sys_mod_count>
            <sys_ui_formatter/>
            <sys_ui_section caption="NULL" display_value="" name="x_forti_fmgintgv2_fmg_script" sys_domain="global" view="Default view">8ed878f3db826f00310473e1ba96194e</sys_ui_section>
            <sys_updated_by>jhsieh</sys_updated_by>
            <sys_updated_on>2019-01-23 19:23:59</sys_updated_on>
            <sys_user/>
            <type/>
        </sys_ui_element>
        <sys_ui_element action="INSERT_OR_UPDATE">
            <element>sch_check_exec_time</element>
            <position>49</position>
            <sys_created_by>jhsieh</sys_created_by>
            <sys_created_on>2019-01-23 19:23:59</sys_created_on>
            <sys_id>26e211b7db836f00310473e1ba961935</sys_id>
            <sys_mod_count>0</sys_mod_count>
            <sys_ui_formatter/>
            <sys_ui_section caption="NULL" display_value="" name="x_forti_fmgintgv2_fmg_script" sys_domain="global" view="Default view">8ed878f3db826f00310473e1ba96194e</sys_ui_section>
            <sys_updated_by>jhsieh</sys_updated_by>
            <sys_updated_on>2019-01-23 19:23:59</sys_updated_on>
            <sys_user/>
            <type/>
        </sys_ui_element>
        <sys_ui_element action="INSERT_OR_UPDATE">
            <element>sch_check_exec_count</element>
            <position>50</position>
            <sys_created_by>jhsieh</sys_created_by>
            <sys_created_on>2019-01-23 19:23:59</sys_created_on>
            <sys_id>e6e211b7db836f00310473e1ba96194e</sys_id>
            <sys_mod_count>0</sys_mod_count>
            <sys_ui_formatter/>
            <sys_ui_section caption="NULL" display_value="" name="x_forti_fmgintgv2_fmg_script" sys_domain="global" view="Default view">8ed878f3db826f00310473e1ba96194e</sys_ui_section>
            <sys_updated_by>jhsieh</sys_updated_by>
            <sys_updated_on>2019-01-23 19:23:59</sys_updated_on>
            <sys_user/>
            <type/>
        </sys_ui_element>
        <sys_ui_element action="INSERT_OR_UPDATE">
            <element>sch_deploy_status</element>
            <position>51</position>
            <sys_created_by>jhsieh</sys_created_by>
            <sys_created_on>2019-01-23 19:23:59</sys_created_on>
            <sys_id>66e211b7db836f00310473e1ba96195b</sys_id>
            <sys_mod_count>0</sys_mod_count>
            <sys_ui_formatter/>
            <sys_ui_section caption="NULL" display_value="" name="x_forti_fmgintgv2_fmg_script" sys_domain="global" view="Default view">8ed878f3db826f00310473e1ba96194e</sys_ui_section>
            <sys_updated_by>jhsieh</sys_updated_by>
            <sys_updated_on>2019-01-23 19:23:59</sys_updated_on>
            <sys_user/>
            <type/>
        </sys_ui_element>
        <sys_ui_element action="INSERT_OR_UPDATE">
            <element>sch_deploy_time</element>
            <position>52</position>
            <sys_created_by>jhsieh</sys_created_by>
            <sys_created_on>2019-01-23 19:23:59</sys_created_on>
            <sys_id>66e211b7db836f00310473e1ba961968</sys_id>
            <sys_mod_count>0</sys_mod_count>
            <sys_ui_formatter/>
            <sys_ui_section caption="NULL" display_value="" name="x_forti_fmgintgv2_fmg_script" sys_domain="global" view="Default view">8ed878f3db826f00310473e1ba96194e</sys_ui_section>
            <sys_updated_by>jhsieh</sys_updated_by>
            <sys_updated_on>2019-01-23 19:23:59</sys_updated_on>
            <sys_user/>
            <type/>
        </sys_ui_element>
        <sys_ui_element action="INSERT_OR_UPDATE">
            <element>sch_deploy_count</element>
            <position>53</position>
            <sys_created_by>jhsieh</sys_created_by>
            <sys_created_on>2019-01-23 19:24:00</sys_created_on>
            <sys_id>e6e211b7db836f00310473e1ba961975</sys_id>
            <sys_mod_count>0</sys_mod_count>
            <sys_ui_formatter/>
            <sys_ui_section caption="NULL" display_value="" name="x_forti_fmgintgv2_fmg_script" sys_domain="global" view="Default view">8ed878f3db826f00310473e1ba96194e</sys_ui_section>
            <sys_updated_by>jhsieh</sys_updated_by>
            <sys_updated_on>2019-01-23 19:24:00</sys_updated_on>
            <sys_user/>
            <type/>
        </sys_ui_element>
        <sys_ui_element action="INSERT_OR_UPDATE">
            <element>sch_check_deploy_status</element>
            <position>54</position>
            <sys_created_by>jhsieh</sys_created_by>
            <sys_created_on>2019-01-23 19:24:00</sys_created_on>
            <sys_id>fae211b7db836f00310473e1ba961982</sys_id>
            <sys_mod_count>0</sys_mod_count>
            <sys_ui_formatter/>
            <sys_ui_section caption="NULL" display_value="" name="x_forti_fmgintgv2_fmg_script" sys_domain="global" view="Default view">8ed878f3db826f00310473e1ba96194e</sys_ui_section>
            <sys_updated_by>jhsieh</sys_updated_by>
            <sys_updated_on>2019-01-23 19:24:00</sys_updated_on>
            <sys_user/>
            <type/>
        </sys_ui_element>
        <sys_ui_element action="INSERT_OR_UPDATE">
            <element>sch_check_deploy_time</element>
            <position>55</position>
            <sys_created_by>jhsieh</sys_created_by>
            <sys_created_on>2019-01-23 19:24:00</sys_created_on>
            <sys_id>72e211b7db836f00310473e1ba961990</sys_id>
            <sys_mod_count>0</sys_mod_count>
            <sys_ui_formatter/>
            <sys_ui_section caption="NULL" display_value="" name="x_forti_fmgintgv2_fmg_script" sys_domain="global" view="Default view">8ed878f3db826f00310473e1ba96194e</sys_ui_section>
            <sys_updated_by>jhsieh</sys_updated_by>
            <sys_updated_on>2019-01-23 19:24:00</sys_updated_on>
            <sys_user/>
            <type/>
        </sys_ui_element>
        <sys_ui_element action="INSERT_OR_UPDATE">
            <element>sch_check_deploy_count</element>
            <position>56</position>
            <sys_created_by>jhsieh</sys_created_by>
            <sys_created_on>2019-01-23 19:24:00</sys_created_on>
            <sys_id>32e211b7db836f00310473e1ba9619aa</sys_id>
            <sys_mod_count>0</sys_mod_count>
            <sys_ui_formatter/>
            <sys_ui_section caption="NULL" display_value="" name="x_forti_fmgintgv2_fmg_script" sys_domain="global" view="Default view">8ed878f3db826f00310473e1ba96194e</sys_ui_section>
            <sys_updated_by>jhsieh</sys_updated_by>
            <sys_updated_on>2019-01-23 19:24:00</sys_updated_on>
            <sys_user/>
            <type/>
        </sys_ui_element>
        <sys_ui_element action="INSERT_OR_UPDATE">
            <element>is_submitted</element>
            <position>57</position>
            <sys_created_by>jhsieh</sys_created_by>
            <sys_created_on>2019-01-23 19:24:00</sys_created_on>
            <sys_id>fae211b7db836f00310473e1ba9619b7</sys_id>
            <sys_mod_count>0</sys_mod_count>
            <sys_ui_formatter/>
            <sys_ui_section caption="NULL" display_value="" name="x_forti_fmgintgv2_fmg_script" sys_domain="global" view="Default view">8ed878f3db826f00310473e1ba96194e</sys_ui_section>
            <sys_updated_by>jhsieh</sys_updated_by>
            <sys_updated_on>2019-01-23 19:24:00</sys_updated_on>
            <sys_user/>
            <type/>
        </sys_ui_element>
        <sys_ui_element action="INSERT_OR_UPDATE">
            <element>deploy_task_id</element>
            <position>58</position>
            <sys_created_by>jhsieh</sys_created_by>
            <sys_created_on>2019-01-25 00:28:34</sys_created_on>
            <sys_id>39322bc0db13af00310473e1ba961996</sys_id>
            <sys_mod_count>0</sys_mod_count>
            <sys_ui_formatter/>
            <sys_ui_section caption="NULL" display_value="" name="x_forti_fmgintgv2_fmg_script" sys_domain="global" view="Default view">8ed878f3db826f00310473e1ba96194e</sys_ui_section>
            <sys_updated_by>jhsieh</sys_updated_by>
            <sys_updated_on>2019-01-25 00:28:34</sys_updated_on>
            <sys_user/>
            <type/>
        </sys_ui_element>
        <sys_ui_element action="INSERT_OR_UPDATE">
            <element>deploy_status_percentage</element>
            <position>59</position>
            <sys_created_by>jhsieh</sys_created_by>
            <sys_created_on>2019-01-25 00:28:34</sys_created_on>
            <sys_id>b1322bc0db13af00310473e1ba9619a5</sys_id>
            <sys_mod_count>0</sys_mod_count>
            <sys_ui_formatter/>
            <sys_ui_section caption="NULL" display_value="" name="x_forti_fmgintgv2_fmg_script" sys_domain="global" view="Default view">8ed878f3db826f00310473e1ba96194e</sys_ui_section>
            <sys_updated_by>jhsieh</sys_updated_by>
            <sys_updated_on>2019-01-25 00:28:34</sys_updated_on>
            <sys_user/>
            <type/>
        </sys_ui_element>
        <sys_ui_element action="INSERT_OR_UPDATE">
            <element>deploy_status</element>
            <position>60</position>
            <sys_created_by>jhsieh</sys_created_by>
            <sys_created_on>2019-01-25 00:28:34</sys_created_on>
            <sys_id>82322bc0db13af00310473e1ba9619b3</sys_id>
            <sys_mod_count>0</sys_mod_count>
            <sys_ui_formatter/>
            <sys_ui_section caption="NULL" display_value="" name="x_forti_fmgintgv2_fmg_script" sys_domain="global" view="Default view">8ed878f3db826f00310473e1ba96194e</sys_ui_section>
            <sys_updated_by>jhsieh</sys_updated_by>
            <sys_updated_on>2019-01-25 00:28:34</sys_updated_on>
            <sys_user/>
            <type/>
        </sys_ui_element>
        <sys_ui_element action="INSERT_OR_UPDATE">
            <element>deploy_summary</element>
            <position>61</position>
            <sys_created_by>jhsieh</sys_created_by>
            <sys_created_on>2019-01-25 00:28:34</sys_created_on>
            <sys_id>46322bc0db13af00310473e1ba9619c1</sys_id>
            <sys_mod_count>0</sys_mod_count>
            <sys_ui_formatter/>
            <sys_ui_section caption="NULL" display_value="" name="x_forti_fmgintgv2_fmg_script" sys_domain="global" view="Default view">8ed878f3db826f00310473e1ba96194e</sys_ui_section>
            <sys_updated_by>jhsieh</sys_updated_by>
            <sys_updated_on>2019-01-25 00:28:34</sys_updated_on>
            <sys_user/>
            <type/>
        </sys_ui_element>
        <sys_ui_element action="INSERT_OR_UPDATE">
            <element>exec_script_task_id</element>
            <position>62</position>
            <sys_created_by>jhsieh</sys_created_by>
            <sys_created_on>2019-01-25 00:56:24</sys_created_on>
            <sys_id>a598e3c4db13af00310473e1ba96199a</sys_id>
            <sys_mod_count>0</sys_mod_count>
            <sys_ui_formatter/>
            <sys_ui_section caption="NULL" display_value="" name="x_forti_fmgintgv2_fmg_script" sys_domain="global" view="Default view">8ed878f3db826f00310473e1ba96194e</sys_ui_section>
            <sys_updated_by>jhsieh</sys_updated_by>
            <sys_updated_on>2019-01-25 00:56:24</sys_updated_on>
            <sys_user/>
            <type/>
        </sys_ui_element>
        <sys_ui_element action="INSERT_OR_UPDATE">
            <element>exec_script_percent</element>
            <position>63</position>
            <sys_created_by>jhsieh</sys_created_by>
            <sys_created_on>2019-01-25 00:57:58</sys_created_on>
            <sys_id>78f8e7c4db13af00310473e1ba96194e</sys_id>
            <sys_mod_count>0</sys_mod_count>
            <sys_ui_formatter/>
            <sys_ui_section caption="NULL" display_value="" name="x_forti_fmgintgv2_fmg_script" sys_domain="global" view="Default view">8ed878f3db826f00310473e1ba96194e</sys_ui_section>
            <sys_updated_by>jhsieh</sys_updated_by>
            <sys_updated_on>2019-01-25 00:57:58</sys_updated_on>
            <sys_user/>
            <type/>
        </sys_ui_element>
        <sys_ui_element action="INSERT_OR_UPDATE">
            <element>deploy_percent</element>
            <position>64</position>
            <sys_created_by>jhsieh</sys_created_by>
            <sys_created_on>2019-01-25 00:57:59</sys_created_on>
            <sys_id>7cf8e7c4db13af00310473e1ba961969</sys_id>
            <sys_mod_count>0</sys_mod_count>
            <sys_ui_formatter/>
            <sys_ui_section caption="NULL" display_value="" name="x_forti_fmgintgv2_fmg_script" sys_domain="global" view="Default view">8ed878f3db826f00310473e1ba96194e</sys_ui_section>
            <sys_updated_by>jhsieh</sys_updated_by>
            <sys_updated_on>2019-01-25 00:57:59</sys_updated_on>
            <sys_user/>
            <type/>
        </sys_ui_element>
        <sys_ui_element action="INSERT_OR_UPDATE">
            <element>exec_script_status</element>
            <position>65</position>
            <sys_created_by>jhsieh</sys_created_by>
            <sys_created_on>2019-01-25 01:32:20</sys_created_on>
            <sys_id>40d0370cdb13af00310473e1ba9619be</sys_id>
            <sys_mod_count>0</sys_mod_count>
            <sys_ui_formatter/>
            <sys_ui_section caption="NULL" display_value="" name="x_forti_fmgintgv2_fmg_script" sys_domain="global" view="Default view">8ed878f3db826f00310473e1ba96194e</sys_ui_section>
            <sys_updated_by>jhsieh</sys_updated_by>
            <sys_updated_on>2019-01-25 01:32:20</sys_updated_on>
            <sys_user/>
            <type/>
        </sys_ui_element>
        <sys_ui_element action="INSERT_OR_UPDATE">
            <element>exec_script_summary</element>
            <position>66</position>
            <sys_created_by>jhsieh</sys_created_by>
            <sys_created_on>2019-01-25 01:32:21</sys_created_on>
            <sys_id>ccd0370cdb13af00310473e1ba9619ee</sys_id>
            <sys_mod_count>0</sys_mod_count>
            <sys_ui_formatter/>
            <sys_ui_section caption="NULL" display_value="" name="x_forti_fmgintgv2_fmg_script" sys_domain="global" view="Default view">8ed878f3db826f00310473e1ba96194e</sys_ui_section>
            <sys_updated_by>jhsieh</sys_updated_by>
            <sys_updated_on>2019-01-25 01:32:21</sys_updated_on>
            <sys_user/>
            <type/>
        </sys_ui_element>
        <sys_ui_element action="INSERT_OR_UPDATE">
            <element>is_adom_committed</element>
            <position>67</position>
            <sys_created_by>jhsieh</sys_created_by>
            <sys_created_on>2019-02-21 21:59:52</sys_created_on>
            <sys_id>3cbc0f81db3ba380310473e1ba961971</sys_id>
            <sys_mod_count>0</sys_mod_count>
            <sys_ui_formatter/>
            <sys_ui_section caption="NULL" display_value="" name="x_forti_fmgintgv2_fmg_script" sys_domain="global" view="Default view">8ed878f3db826f00310473e1ba96194e</sys_ui_section>
            <sys_updated_by>jhsieh</sys_updated_by>
            <sys_updated_on>2019-02-21 21:59:52</sys_updated_on>
            <sys_user/>
            <type/>
        </sys_ui_element>
        <sys_ui_element action="INSERT_OR_UPDATE">
            <element>sch_delete_script_count</element>
            <position>68</position>
            <sys_created_by>jhsieh</sys_created_by>
            <sys_created_on>2019-03-04 22:35:07</sys_created_on>
            <sys_id>1c4ef728db48bb80310473e1ba9619ba</sys_id>
            <sys_mod_count>0</sys_mod_count>
            <sys_ui_formatter/>
            <sys_ui_section caption="NULL" display_value="" name="x_forti_fmgintgv2_fmg_script" sys_domain="global" view="Default view">8ed878f3db826f00310473e1ba96194e</sys_ui_section>
            <sys_updated_by>jhsieh</sys_updated_by>
            <sys_updated_on>2019-03-04 22:35:07</sys_updated_on>
            <sys_user/>
            <type/>
        </sys_ui_element>
        <sys_ui_element action="INSERT_OR_UPDATE">
            <element>sch_delete_script_status</element>
            <position>69</position>
            <sys_created_by>jhsieh</sys_created_by>
            <sys_created_on>2019-03-04 22:35:07</sys_created_on>
            <sys_id>d84e7768db48bb80310473e1ba96198a</sys_id>
            <sys_mod_count>0</sys_mod_count>
            <sys_ui_formatter/>
            <sys_ui_section caption="NULL" display_value="" name="x_forti_fmgintgv2_fmg_script" sys_domain="global" view="Default view">8ed878f3db826f00310473e1ba96194e</sys_ui_section>
            <sys_updated_by>jhsieh</sys_updated_by>
            <sys_updated_on>2019-03-04 22:35:07</sys_updated_on>
            <sys_user/>
            <type/>
        </sys_ui_element>
        <sys_ui_element action="INSERT_OR_UPDATE">
            <element>sch_delete_script_time</element>
            <position>70</position>
            <sys_created_by>jhsieh</sys_created_by>
            <sys_created_on>2019-03-04 22:35:07</sys_created_on>
            <sys_id>104e7768db48bb80310473e1ba96199a</sys_id>
            <sys_mod_count>0</sys_mod_count>
            <sys_ui_formatter/>
            <sys_ui_section caption="NULL" display_value="" name="x_forti_fmgintgv2_fmg_script" sys_domain="global" view="Default view">8ed878f3db826f00310473e1ba96194e</sys_ui_section>
            <sys_updated_by>jhsieh</sys_updated_by>
            <sys_updated_on>2019-03-04 22:35:07</sys_updated_on>
            <sys_user/>
            <type/>
        </sys_ui_element>
        <sys_ui_element action="INSERT_OR_UPDATE">
            <element>is_cancelled</element>
            <position>71</position>
            <sys_created_by>jhsieh</sys_created_by>
            <sys_created_on>2019-03-08 01:18:48</sys_created_on>
            <sys_id>177004f1db8c3f80310473e1ba961923</sys_id>
            <sys_mod_count>0</sys_mod_count>
            <sys_ui_formatter/>
            <sys_ui_section caption="NULL" display_value="" name="x_forti_fmgintgv2_fmg_script" sys_domain="global" view="Default view">8ed878f3db826f00310473e1ba96194e</sys_ui_section>
            <sys_updated_by>jhsieh</sys_updated_by>
            <sys_updated_on>2019-03-08 01:18:48</sys_updated_on>
            <sys_user/>
            <type/>
        </sys_ui_element>
        <sys_ui_element action="INSERT_OR_UPDATE">
            <element>script_name_actual</element>
            <position>72</position>
            <sys_created_by>jhsieh</sys_created_by>
            <sys_created_on>2019-03-12 00:50:59</sys_created_on>
            <sys_id>b670e843db4cff80310473e1ba961990</sys_id>
            <sys_mod_count>0</sys_mod_count>
            <sys_ui_formatter/>
            <sys_ui_section caption="NULL" display_value="" name="x_forti_fmgintgv2_fmg_script" sys_domain="global" view="Default view">8ed878f3db826f00310473e1ba96194e</sys_ui_section>
            <sys_updated_by>jhsieh</sys_updated_by>
            <sys_updated_on>2019-03-12 00:50:59</sys_updated_on>
            <sys_user/>
            <type/>
        </sys_ui_element>
        <sys_ui_element action="INSERT_OR_UPDATE">
            <element>sch_adom_status</element>
            <position>73</position>
            <sys_created_by>fcheng</sys_created_by>
            <sys_created_on>2019-04-13 00:03:13</sys_created_on>
            <sys_id>13688951db387700310473e1ba9619c4</sys_id>
            <sys_mod_count>0</sys_mod_count>
            <sys_ui_formatter/>
            <sys_ui_section caption="NULL" display_value="" name="x_forti_fmgintgv2_fmg_script" sys_domain="global" view="Default view">8ed878f3db826f00310473e1ba96194e</sys_ui_section>
            <sys_updated_by>fcheng</sys_updated_by>
            <sys_updated_on>2019-04-13 00:03:13</sys_updated_on>
            <sys_user/>
            <type/>
        </sys_ui_element>
        <sys_ui_section action="INSERT_OR_UPDATE">
            <caption/>
            <header>false</header>
            <name>x_forti_fmgintgv2_fmg_script</name>
            <roles/>
            <sys_class_name>sys_ui_section</sys_class_name>
            <sys_created_by>jxiang</sys_created_by>
            <sys_created_on>2018-12-05 00:27:18</sys_created_on>
            <sys_domain>global</sys_domain>
            <sys_domain_path>/</sys_domain_path>
            <sys_id>8ed878f3db826f00310473e1ba96194e</sys_id>
            <sys_mod_count>0</sys_mod_count>
            <sys_name>x_forti_fmgintgv2_fmg_script</sys_name>
            <sys_overrides/>
            <sys_package display_value="Security Operations FortiManager Integration V2" source="x_forti_fmgintgv2">7c729b7edbf5a300310473e1ba9619cf</sys_package>
            <sys_policy/>
            <sys_scope display_value="Security Operations FortiManager Integration V2">7c729b7edbf5a300310473e1ba9619cf</sys_scope>
            <sys_update_name>sys_ui_section_8ed878f3db826f00310473e1ba96194e</sys_update_name>
            <sys_updated_by>jxiang</sys_updated_by>
            <sys_updated_on>2018-12-05 00:27:18</sys_updated_on>
            <sys_user/>
            <title>true</title>
            <view display_value="Default view" name="NULL">Default view</view>
            <view_name/>
        </sys_ui_section>
    </sys_ui_section>
</record_update>
