<?xml version="1.0" encoding="UTF-8"?><record_update table="sys_package_dependency_m2m">
    <sys_package_dependency_m2m action="INSERT_OR_UPDATE">
        <dependency display_value="System Import Sets" source="com.glide.system_import_set">86920946db312300310473e1ba9619b8</dependency>
        <min_version>1.0.0</min_version>
        <sys_created_by>admin</sys_created_by>
        <sys_created_on>2022-03-17 19:16:34</sys_created_on>
        <sys_id>567b5e911b9f0d501debb95e034bcbc8</sys_id>
        <sys_mod_count>0</sys_mod_count>
        <sys_package display_value="Security Operations FortiManager Integration V2" source="x_forti_fmgintgv2">7c729b7edbf5a300310473e1ba9619cf</sys_package>
        <sys_updated_by>admin</sys_updated_by>
        <sys_updated_on>2022-03-17 19:16:34</sys_updated_on>
    </sys_package_dependency_m2m>
</record_update>
