<?xml version="1.0" encoding="UTF-8"?><record_update table="sys_security_acl_role">
    <sys_security_acl_role action="INSERT_OR_UPDATE">
        <sys_class_name>sys_security_acl_role</sys_class_name>
        <sys_created_by>jhsieh</sys_created_by>
        <sys_created_on>2018-12-31 23:50:31</sys_created_on>
        <sys_id>1d433b90db7a2340310473e1ba961957</sys_id>
        <sys_mod_count>0</sys_mod_count>
        <sys_name>.x_forti_fmgintgv2.sys_prop_read</sys_name>
        <sys_package display_value="Security Operations FortiManager Integration V2" source="x_forti_fmgintgv2">7c729b7edbf5a300310473e1ba9619cf</sys_package>
        <sys_policy/>
        <sys_scope display_value="Security Operations FortiManager Integration V2">7c729b7edbf5a300310473e1ba9619cf</sys_scope>
        <sys_security_acl display_value="x_forti_fmgintgv2_app_contact_us">9923f390db7a2340310473e1ba96194c</sys_security_acl>
        <sys_update_name>sys_security_acl_role_1d433b90db7a2340310473e1ba961957</sys_update_name>
        <sys_updated_by>jhsieh</sys_updated_by>
        <sys_updated_on>2018-12-31 23:50:31</sys_updated_on>
        <sys_user_role display_value="x_forti_fmgintgv2.sys_prop_read" name="x_forti_fmgintgv2.sys_prop_read">0f4b9ff2db39a300310473e1ba961925</sys_user_role>
        <transaction_id/>
    </sys_security_acl_role>
</record_update>
