<?xml version="1.0" encoding="UTF-8"?><record_update table="sys_ui_script">
    <sys_ui_script action="INSERT_OR_UPDATE">
        <active>true</active>
        <description/>
        <global>false</global>
        <name>x_forti_fmgintgv2.UtilCli</name>
        <script><![CDATA[class UtilCli {
    constructor() {
    }

    static IsValidDomain(v) {
        if (!v) return false;
        var re = /^(?!:\/\/)([a-zA-Z0-9-]+\.){0,5}[a-zA-Z0-9-][a-zA-Z0-9-]+\.[a-zA-Z]{2,64}?$/gi;
        return re.test(v);
    }

    static IsNumeric(n) {
        return !isNaN(parseFloat(n)) && isFinite(n);
    }

    static MapFAZIncidentCategory(catID) {
        var fazIncidentCategoryObj = {
            'CAT1': 'Unauthorized Access',
            'CAT2': 'Denial of Service (DoS)',
            'CAT3': 'Malicious Code',
            'CAT4': 'Improper Usage',
            'CAT5': 'Scans/Probes/Attempted Access',
            'CAT6': 'Uncategorized',
        };

        return catID in fazIncidentCategoryObj ? fazIncidentCategoryObj[catID] : 'N/A';
    }

    static ReplaceLineBreakBR(str) {
        return str.replace(/(?:\r\n|\r|\n)/g, '<br>');
    }
}]]></script>
        <script_name>UtilCli</script_name>
        <sys_class_name>sys_ui_script</sys_class_name>
        <sys_created_by>jxiang</sys_created_by>
        <sys_created_on>2018-11-30 19:30:02</sys_created_on>
        <sys_id>af5e4352db8e6b00310473e1ba961965</sys_id>
        <sys_mod_count>0</sys_mod_count>
        <sys_name>x_forti_fmgintgv2.UtilCli</sys_name>
        <sys_package display_value="Security Operations FortiManager Integration V2" source="x_forti_fmgintgv2">7c729b7edbf5a300310473e1ba9619cf</sys_package>
        <sys_policy/>
        <sys_scope display_value="Security Operations FortiManager Integration V2">7c729b7edbf5a300310473e1ba9619cf</sys_scope>
        <sys_update_name>sys_ui_script_af5e4352db8e6b00310473e1ba961965</sys_update_name>
        <sys_updated_by>jxiang</sys_updated_by>
        <sys_updated_on>2018-11-30 19:30:02</sys_updated_on>
        <ui_type>0</ui_type>
        <use_scoped_format>false</use_scoped_format>
    </sys_ui_script>
</record_update>
