<?xml version="1.0" encoding="UTF-8"?><record_update table="sys_security_acl">
    <sys_security_acl action="INSERT_OR_UPDATE">
        <active>true</active>
        <admin_overrides>true</admin_overrides>
        <advanced>false</advanced>
        <condition/>
        <description/>
        <name>fmg_uservalid</name>
        <operation display_value="execute">execute</operation>
        <script/>
        <sys_class_name>sys_security_acl</sys_class_name>
        <sys_created_by>jxiang</sys_created_by>
        <sys_created_on>2018-11-30 00:45:34</sys_created_on>
        <sys_id>69dc874edb466b00310473e1ba961920</sys_id>
        <sys_mod_count>0</sys_mod_count>
        <sys_name>fmg_uservalid</sys_name>
        <sys_package display_value="Security Operations FortiManager Integration V2" source="x_forti_fmgintgv2">7c729b7edbf5a300310473e1ba9619cf</sys_package>
        <sys_policy/>
        <sys_scope display_value="Security Operations FortiManager Integration V2">7c729b7edbf5a300310473e1ba9619cf</sys_scope>
        <sys_update_name>sys_security_acl_69dc874edb466b00310473e1ba961920</sys_update_name>
        <sys_updated_by>jxiang</sys_updated_by>
        <sys_updated_on>2018-11-30 00:45:34</sys_updated_on>
        <type display_value="REST_Endpoint">REST_Endpoint</type>
    </sys_security_acl>
</record_update>
