<?xml version="1.0" encoding="UTF-8"?><record_update>
    <sys_ui_list parent="" relationship="" sys_domain="global" table="x_forti_fmgintgv2_fmg_script_stage" version="2" view="">
        <sys_ui_list_element action="INSERT_OR_UPDATE">
            <average_value>false</average_value>
            <element>import_set_run</element>
            <list_id display_value="x_forti_fmgintgv2_fmg_script_stage" element="NULL" name="x_forti_fmgintgv2_fmg_script_stage" parent="NULL" relationship="NULL" sys_domain="global" view="Default view">5864c677db076f00310473e1ba961983</list_id>
            <max_value>false</max_value>
            <min_value>false</min_value>
            <position>0</position>
            <sum>false</sum>
            <sys_created_by>jhsieh</sys_created_by>
            <sys_created_on>2019-01-23 23:00:06</sys_created_on>
            <sys_id>1064c677db076f00310473e1ba961984</sys_id>
            <sys_mod_count>0</sys_mod_count>
            <sys_updated_by>jhsieh</sys_updated_by>
            <sys_updated_on>2019-01-23 23:00:06</sys_updated_on>
        </sys_ui_list_element>
        <sys_ui_list_element action="INSERT_OR_UPDATE">
            <average_value>false</average_value>
            <element>template_import_log</element>
            <list_id display_value="x_forti_fmgintgv2_fmg_script_stage" element="NULL" name="x_forti_fmgintgv2_fmg_script_stage" parent="NULL" relationship="NULL" sys_domain="global" view="Default view">5864c677db076f00310473e1ba961983</list_id>
            <max_value>false</max_value>
            <min_value>false</min_value>
            <position>1</position>
            <sum>false</sum>
            <sys_created_by>jhsieh</sys_created_by>
            <sys_created_on>2019-01-23 23:00:06</sys_created_on>
            <sys_id>9064c677db076f00310473e1ba961984</sys_id>
            <sys_mod_count>0</sys_mod_count>
            <sys_updated_by>jhsieh</sys_updated_by>
            <sys_updated_on>2019-01-23 23:00:06</sys_updated_on>
        </sys_ui_list_element>
        <sys_ui_list action="INSERT_OR_UPDATE">
            <average_value>false</average_value>
            <element/>
            <max_value>false</max_value>
            <min_value>false</min_value>
            <name>x_forti_fmgintgv2_fmg_script_stage</name>
            <parent/>
            <position/>
            <relationship/>
            <sum>false</sum>
            <sys_class_name>sys_ui_list</sys_class_name>
            <sys_created_by>jhsieh</sys_created_by>
            <sys_created_on>2019-01-23 23:00:06</sys_created_on>
            <sys_domain>global</sys_domain>
            <sys_domain_path>/</sys_domain_path>
            <sys_id>5864c677db076f00310473e1ba961983</sys_id>
            <sys_mod_count>0</sys_mod_count>
            <sys_name>x_forti_fmgintgv2_fmg_script_stage</sys_name>
            <sys_package display_value="Security Operations FortiManager Integration V2" source="x_forti_fmgintgv2">7c729b7edbf5a300310473e1ba9619cf</sys_package>
            <sys_policy/>
            <sys_scope display_value="Security Operations FortiManager Integration V2">7c729b7edbf5a300310473e1ba9619cf</sys_scope>
            <sys_update_name>sys_ui_list_x_forti_fmgintgv2_fmg_script_stage_null</sys_update_name>
            <sys_updated_by>jhsieh</sys_updated_by>
            <sys_updated_on>2019-01-23 23:00:06</sys_updated_on>
            <sys_user/>
            <view display_value="Default view" name="NULL">Default view</view>
            <view_name/>
        </sys_ui_list>
    </sys_ui_list>
</record_update>
