<?xml version="1.0" encoding="UTF-8"?><record_update table="sys_properties">
    <sys_properties action="INSERT_OR_UPDATE">
        <choices/>
        <description>Default: {"ADOM":"","Number":"","Time":0}</description>
        <ignore_cache>true</ignore_cache>
        <is_private>true</is_private>
        <name>x_forti_fmgintgv2.fmg.adomlock</name>
        <read_roles>x_forti_fmgintgv2.sys_prop_read,x_forti_fmgintgv2.sys_prop_write</read_roles>
        <suffix>fmg.adomlock</suffix>
        <sys_class_name>sys_properties</sys_class_name>
        <sys_created_by>jhsieh</sys_created_by>
        <sys_created_on>2019-02-12 00:13:40</sys_created_on>
        <sys_id>284b440adbe3eb40310473e1ba961931</sys_id>
        <sys_mod_count>239</sys_mod_count>
        <sys_name>x_forti_fmgintgv2.fmg.adomlock</sys_name>
        <sys_package display_value="Security Operations FortiManager Integration V2" source="x_forti_fmgintgv2">7c729b7edbf5a300310473e1ba9619cf</sys_package>
        <sys_policy/>
        <sys_scope display_value="Security Operations FortiManager Integration V2">7c729b7edbf5a300310473e1ba9619cf</sys_scope>
        <sys_update_name>sys_properties_284b440adbe3eb40310473e1ba961931</sys_update_name>
        <sys_updated_by>system</sys_updated_by>
        <sys_updated_on>2019-05-02 21:07:11</sys_updated_on>
        <type>string</type>
        <value>{"ADOM":"","Number":"","Time":0}</value>
        <write_roles>x_forti_fmgintgv2.sys_prop_write</write_roles>
    </sys_properties>
    <sys_translated_text action="delete_multiple" query="documentkey=284b440adbe3eb40310473e1ba961931"/>
</record_update>
