<?xml version="1.0" encoding="UTF-8"?><record_update table="sys_ui_script">
    <sys_ui_script action="INSERT_OR_UPDATE">
        <active>true</active>
        <description/>
        <global>false</global>
        <name>x_forti_fmgintgv2.app_contact_us</name>
        <script><![CDATA[/* global jQuery Vue iview */

(function ($jq, Vue) {
    $jq(document).ready(function () {
        InitVue();
    });

    function InitVue() {
        let Main = {
            render: function (createElement) {
                if (!this.html) {
                    return createElement('div', 'Loading ...');
                } else {
                    return this.html();
                }
            },
            mounted: function () {
                let html = `
<Layout>
    <Header>
        <div class="headerDiv">
            <Icon type="md-contacts" size="20"></Icon>
            <span class="headerTitle">Contact Us</span>
        </div>
    </Header>
    <Content>
        <div id="contactContentDiv">
            <p>The level of support depends on the contract and subscription to FortiCare.</p>
            <table border="1">
                <tr>
                    <td class="ContactUsFieldName">Contact Support</td>
                    <td class="ContactUsFieldValue">
                        <p>USA: +1 408 542 7780</p>
                        <p>Canada: +1 613 670 8994</p>
                        <p>
                            <span style="margin-right: 3px;">Other countries:</span>
                            <a href="https://www.fortinet.com/support-and-training/support/contact.html" target="_blank" rel="noopener noreferrer nofollow">https://www.fortinet.com/support-and-training/support/contact.html</a>
                        </p>
                    </td>
                </tr>
                <tr>
                    <td class="ContactUsFieldName">FortiCare Support Portal</td>
                    <td class="ContactUsFieldValue">
                        <a href="https://support.fortinet.com/Home.aspx" target="_blank" rel="noopener noreferrer nofollow">https://support.fortinet.com/Home.aspx</a>
                    </td>
                </tr>
            </table>
        </div>
    </Content>
</Layout>`;

                this.html = Vue.compile(html).render;
            },
            data: function () {
                return {
                    html: null,
                };
            },
        };

        let MainComponent = Vue.extend(Main);
        let vm = new MainComponent();
        vm.$mount('#app');
    }
})(jQuery, Vue);
]]></script>
        <script_name>app_contact_us</script_name>
        <sys_class_name>sys_ui_script</sys_class_name>
        <sys_created_by>jhsieh</sys_created_by>
        <sys_created_on>2018-12-28 00:11:48</sys_created_on>
        <sys_id>37a15b43db2e6f00310473e1ba961951</sys_id>
        <sys_mod_count>7</sys_mod_count>
        <sys_name>x_forti_fmgintgv2.app_contact_us</sys_name>
        <sys_package display_value="Security Operations FortiManager Integration V2" source="x_forti_fmgintgv2">7c729b7edbf5a300310473e1ba9619cf</sys_package>
        <sys_policy/>
        <sys_scope display_value="Security Operations FortiManager Integration V2">7c729b7edbf5a300310473e1ba9619cf</sys_scope>
        <sys_update_name>sys_ui_script_37a15b43db2e6f00310473e1ba961951</sys_update_name>
        <sys_updated_by>fcheng</sys_updated_by>
        <sys_updated_on>2019-04-04 01:04:36</sys_updated_on>
        <ui_type>0</ui_type>
        <use_scoped_format>false</use_scoped_format>
    </sys_ui_script>
</record_update>
