<?xml version="1.0" encoding="UTF-8"?><record_update table="sys_ws_definition">
    <sys_ws_definition action="INSERT_OR_UPDATE">
        <active>true</active>
        <base_uri>/api/x_forti_fmgintgv2/fmg</base_uri>
        <consumes>application/json,application/xml,text/xml</consumes>
        <consumes_customized>false</consumes_customized>
        <default_version>No active default version</default_version>
        <doc_link/>
        <enforce_acl>cf9d01d3e73003009d6247e603f6a990</enforce_acl>
        <is_versioned>false</is_versioned>
        <name>fmg</name>
        <namespace>x_forti_fmgintgv2</namespace>
        <produces>application/json,application/xml,text/xml</produces>
        <produces_customized>false</produces_customized>
        <service_id>fmg</service_id>
        <short_description/>
        <sys_class_name>sys_ws_definition</sys_class_name>
        <sys_created_by>jxiang</sys_created_by>
        <sys_created_on>2018-11-30 00:41:42</sys_created_on>
        <sys_id>121c8f0edb466b00310473e1ba961903</sys_id>
        <sys_mod_count>0</sys_mod_count>
        <sys_name>fmg</sys_name>
        <sys_package display_value="Security Operations FortiManager Integration V2" source="x_forti_fmgintgv2">7c729b7edbf5a300310473e1ba9619cf</sys_package>
        <sys_policy>read</sys_policy>
        <sys_scope display_value="Security Operations FortiManager Integration V2">7c729b7edbf5a300310473e1ba9619cf</sys_scope>
        <sys_update_name>sys_ws_definition_121c8f0edb466b00310473e1ba961903</sys_update_name>
        <sys_updated_by>jxiang</sys_updated_by>
        <sys_updated_on>2018-11-30 00:41:42</sys_updated_on>
    </sys_ws_definition>
</record_update>
