<?xml version="1.0" encoding="UTF-8"?><record_update>
    <sys_documentation element="deploy_percent" label="Deploy percent" language="en" table="x_forti_fmgintgv2_fmg_script">
        <sys_documentation action="INSERT_OR_UPDATE">
            <element>deploy_percent</element>
            <help/>
            <hint/>
            <label>Deploy percent</label>
            <language>en</language>
            <name>x_forti_fmgintgv2_fmg_script</name>
            <plural>Deploy percents</plural>
            <sys_class_name>sys_documentation</sys_class_name>
            <sys_created_by>jhsieh</sys_created_by>
            <sys_created_on>2019-01-25 00:57:59</sys_created_on>
            <sys_id>3cf8e7c4db13af00310473e1ba961975</sys_id>
            <sys_mod_count>0</sys_mod_count>
            <sys_name>Deploy percent</sys_name>
            <sys_package display_value="Security Operations FortiManager Integration V2" source="x_forti_fmgintgv2">7c729b7edbf5a300310473e1ba9619cf</sys_package>
            <sys_policy/>
            <sys_scope display_value="Security Operations FortiManager Integration V2">7c729b7edbf5a300310473e1ba9619cf</sys_scope>
            <sys_update_name>sys_documentation_x_forti_fmgintgv2_fmg_script_deploy_percent_en</sys_update_name>
            <sys_updated_by>jhsieh</sys_updated_by>
            <sys_updated_on>2019-01-25 00:57:59</sys_updated_on>
            <url/>
            <url_target/>
        </sys_documentation>
    </sys_documentation>
</record_update>
