<?xml version="1.0" encoding="UTF-8"?><record_update table="sys_db_object">
    <sys_db_object action="INSERT_OR_UPDATE">
        <access>public</access>
        <actions_access>false</actions_access>
        <alter_access>false</alter_access>
        <caller_access/>
        <client_scripts_access>false</client_scripts_access>
        <configuration_access>false</configuration_access>
        <create_access>false</create_access>
        <create_access_controls>true</create_access_controls>
        <delete_access>false</delete_access>
        <extension_model/>
        <is_extendable>false</is_extendable>
        <label>fmg_script</label>
        <live_feed_enabled>false</live_feed_enabled>
        <name>x_forti_fmgintgv2_fmg_script</name>
        <number_ref display_value="SID">0d648898db066700310473e1ba961987</number_ref>
        <provider_class/>
        <read_access>true</read_access>
        <scriptable_table>false</scriptable_table>
        <super_class/>
        <sys_class_code/>
        <sys_class_name>sys_db_object</sys_class_name>
        <sys_class_path/>
        <sys_created_by>jxiang</sys_created_by>
        <sys_created_on>2018-11-23 18:29:39</sys_created_on>
        <sys_id>467b1e911b9f0d501debb95e034bcbf3</sys_id>
        <sys_mod_count>2</sys_mod_count>
        <sys_name>fmg_script</sys_name>
        <sys_package display_value="Security Operations FortiManager Integration V2" source="x_forti_fmgintgv2">7c729b7edbf5a300310473e1ba9619cf</sys_package>
        <sys_policy/>
        <sys_scope display_value="Security Operations FortiManager Integration V2">7c729b7edbf5a300310473e1ba9619cf</sys_scope>
        <sys_update_name>sys_db_object_467b1e911b9f0d501debb95e034bcbf3</sys_update_name>
        <sys_updated_by>jhsieh</sys_updated_by>
        <sys_updated_on>2019-01-08 23:56:57</sys_updated_on>
        <update_access>false</update_access>
        <user_role display_value="x_forti_fmgintgv2.fmg_script_read" name="x_forti_fmgintgv2.fmg_script_read">c7e44b44db826700310473e1ba96191c</user_role>
        <ws_access>false</ws_access>
    </sys_db_object>
</record_update>
