<?xml version="1.0" encoding="UTF-8"?><record_update table="sys_properties">
    <sys_properties action="INSERT_OR_UPDATE">
        <choices/>
        <description>Default: 1&#13;
Possible values: 0|1</description>
        <ignore_cache>true</ignore_cache>
        <is_private>true</is_private>
        <name>x_forti_fmgintgv2.fmg.isdeletescript</name>
        <read_roles>x_forti_fmgintgv2.sys_prop_read,x_forti_fmgintgv2.sys_prop_write</read_roles>
        <suffix>fmg.isdeletescript</suffix>
        <sys_class_name>sys_properties</sys_class_name>
        <sys_created_by>jhsieh</sys_created_by>
        <sys_created_on>2019-03-04 22:59:36</sys_created_on>
        <sys_id>4593483cdb48bb80310473e1ba961944</sys_id>
        <sys_mod_count>6</sys_mod_count>
        <sys_name>x_forti_fmgintgv2.fmg.isdeletescript</sys_name>
        <sys_package display_value="Security Operations FortiManager Integration V2" source="x_forti_fmgintgv2">7c729b7edbf5a300310473e1ba9619cf</sys_package>
        <sys_policy/>
        <sys_scope display_value="Security Operations FortiManager Integration V2">7c729b7edbf5a300310473e1ba9619cf</sys_scope>
        <sys_update_name>sys_properties_4593483cdb48bb80310473e1ba961944</sys_update_name>
        <sys_updated_by>jhsieh</sys_updated_by>
        <sys_updated_on>2019-03-28 21:55:21</sys_updated_on>
        <type>integer</type>
        <value>1</value>
        <write_roles>x_forti_fmgintgv2.sys_prop_write</write_roles>
    </sys_properties>
    <sys_translated_text action="delete_multiple" query="documentkey=4593483cdb48bb80310473e1ba961944"/>
</record_update>
