<?xml version="1.0" encoding="UTF-8"?><record_update sys_domain="global" table="sys_app_module">
    <sys_app_module action="INSERT_OR_UPDATE">
        <active>true</active>
        <application display_value="FortiManagerV2 App">bb55cfdedb4e6b00310473e1ba961942</application>
        <assessment/>
        <content_page/>
        <device_type/>
        <filter/>
        <hint/>
        <homepage/>
        <image/>
        <link_type>DIRECT</link_type>
        <map_page/>
        <mobile_title>FortiManager Support</mobile_title>
        <mobile_view_name>Mobile</mobile_view_name>
        <name/>
        <order>300</order>
        <override_menu_roles>false</override_menu_roles>
        <query>/x_forti_fmgintgv2_app_contact_us.do</query>
        <report/>
        <roles>x_forti_fmgintgv2.fmg_script_read,x_forti_fmgintgv2.fmg_script_write,x_forti_fmgintgv2.sys_prop_read,x_forti_fmgintgv2.sys_prop_write</roles>
        <sys_class_name>sys_app_module</sys_class_name>
        <sys_created_by>jxiang</sys_created_by>
        <sys_created_on>2018-12-03 18:24:28</sys_created_on>
        <sys_domain>global</sys_domain>
        <sys_domain_path>/</sys_domain_path>
        <sys_id>07ab1617db022f00310473e1ba96193e</sys_id>
        <sys_mod_count>2</sys_mod_count>
        <sys_name>FortiManager Support</sys_name>
        <sys_overrides/>
        <sys_package display_value="Security Operations FortiManager Integration V2" source="x_forti_fmgintgv2">7c729b7edbf5a300310473e1ba9619cf</sys_package>
        <sys_policy/>
        <sys_scope display_value="Security Operations FortiManager Integration V2">7c729b7edbf5a300310473e1ba9619cf</sys_scope>
        <sys_update_name>sys_app_module_07ab1617db022f00310473e1ba96193e</sys_update_name>
        <sys_updated_by>jhsieh</sys_updated_by>
        <sys_updated_on>2018-12-31 23:51:02</sys_updated_on>
        <timeline_page/>
        <title>FortiManager Support</title>
        <uncancelable>false</uncancelable>
        <view_name/>
        <window_name/>
    </sys_app_module>
</record_update>
