<?xml version="1.0" encoding="UTF-8"?><record_update table="sys_db_object">
    <sys_db_object action="INSERT_OR_UPDATE">
        <access>public</access>
        <actions_access>false</actions_access>
        <alter_access>false</alter_access>
        <caller_access/>
        <client_scripts_access>false</client_scripts_access>
        <configuration_access>false</configuration_access>
        <create_access>false</create_access>
        <create_access_controls>false</create_access_controls>
        <delete_access>false</delete_access>
        <extension_model/>
        <is_extendable>false</is_extendable>
        <label>fmg_script_stage</label>
        <live_feed_enabled>false</live_feed_enabled>
        <name>x_forti_fmgintgv2_fmg_script_stage</name>
        <number_ref display_value="SID">6825ce77db076f00310473e1ba96196f</number_ref>
        <provider_class/>
        <read_access>true</read_access>
        <scriptable_table>false</scriptable_table>
        <super_class display_value="Import Set Row" name="sys_import_set_row">5f928946db312300310473e1ba9619f5</super_class>
        <sys_class_code/>
        <sys_class_name>sys_db_object</sys_class_name>
        <sys_class_path/>
        <sys_created_by>jhsieh</sys_created_by>
        <sys_created_on>2019-01-23 22:57:55</sys_created_on>
        <sys_id>567b5e911b9f0d501debb95e034bcb9b</sys_id>
        <sys_mod_count>1</sys_mod_count>
        <sys_name>fmg_script_stage</sys_name>
        <sys_package display_value="Security Operations FortiManager Integration V2" source="x_forti_fmgintgv2">7c729b7edbf5a300310473e1ba9619cf</sys_package>
        <sys_policy/>
        <sys_scope display_value="Security Operations FortiManager Integration V2">7c729b7edbf5a300310473e1ba9619cf</sys_scope>
        <sys_update_name>sys_db_object_567b5e911b9f0d501debb95e034bcb9b</sys_update_name>
        <sys_updated_by>jhsieh</sys_updated_by>
        <sys_updated_on>2019-01-23 23:03:24</sys_updated_on>
        <update_access>false</update_access>
        <user_role/>
        <ws_access>true</ws_access>
    </sys_db_object>
</record_update>
