<?xml version="1.0" encoding="UTF-8"?><record_update>
    <sys_ui_section caption="" section_id="b1940a77db076f00310473e1ba9619c7" sys_domain="global" table="x_forti_fmgintgv2_fmg_script_stage" version="3" view="">
        <sys_ui_element action="INSERT_OR_UPDATE">
            <element>u_number</element>
            <position>0</position>
            <sys_created_by>fcheng</sys_created_by>
            <sys_created_on>2019-05-02 21:06:07</sys_created_on>
            <sys_id>ffaf93a3dbcdf340344571043996196d</sys_id>
            <sys_mod_count>0</sys_mod_count>
            <sys_ui_formatter/>
            <sys_ui_section caption="NULL" display_value="" name="x_forti_fmgintgv2_fmg_script_stage" sys_domain="global" view="Default view">b1940a77db076f00310473e1ba9619c7</sys_ui_section>
            <sys_updated_by>fcheng</sys_updated_by>
            <sys_updated_on>2019-05-02 21:06:07</sys_updated_on>
            <sys_user/>
            <type/>
        </sys_ui_element>
        <sys_ui_element action="INSERT_OR_UPDATE">
            <element>u_description</element>
            <position>1</position>
            <sys_created_by>fcheng</sys_created_by>
            <sys_created_on>2019-05-02 21:06:07</sys_created_on>
            <sys_id>f7af93a3dbcdf340344571043996196e</sys_id>
            <sys_mod_count>0</sys_mod_count>
            <sys_ui_formatter/>
            <sys_ui_section caption="NULL" display_value="" name="x_forti_fmgintgv2_fmg_script_stage" sys_domain="global" view="Default view">b1940a77db076f00310473e1ba9619c7</sys_ui_section>
            <sys_updated_by>fcheng</sys_updated_by>
            <sys_updated_on>2019-05-02 21:06:07</sys_updated_on>
            <sys_user/>
            <type/>
        </sys_ui_element>
        <sys_ui_element action="INSERT_OR_UPDATE">
            <element>u_installation_device</element>
            <position>2</position>
            <sys_created_by>fcheng</sys_created_by>
            <sys_created_on>2019-05-02 21:06:07</sys_created_on>
            <sys_id>7baf93a3dbcdf340344571043996196e</sys_id>
            <sys_mod_count>0</sys_mod_count>
            <sys_ui_formatter/>
            <sys_ui_section caption="NULL" display_value="" name="x_forti_fmgintgv2_fmg_script_stage" sys_domain="global" view="Default view">b1940a77db076f00310473e1ba9619c7</sys_ui_section>
            <sys_updated_by>fcheng</sys_updated_by>
            <sys_updated_on>2019-05-02 21:06:07</sys_updated_on>
            <sys_user/>
            <type/>
        </sys_ui_element>
        <sys_ui_element action="INSERT_OR_UPDATE">
            <element>u_is_submitted</element>
            <position>3</position>
            <sys_created_by>fcheng</sys_created_by>
            <sys_created_on>2019-05-02 21:06:07</sys_created_on>
            <sys_id>fbaf93a3dbcdf340344571043996196e</sys_id>
            <sys_mod_count>0</sys_mod_count>
            <sys_ui_formatter/>
            <sys_ui_section caption="NULL" display_value="" name="x_forti_fmgintgv2_fmg_script_stage" sys_domain="global" view="Default view">b1940a77db076f00310473e1ba9619c7</sys_ui_section>
            <sys_updated_by>fcheng</sys_updated_by>
            <sys_updated_on>2019-05-02 21:06:07</sys_updated_on>
            <sys_user/>
            <type/>
        </sys_ui_element>
        <sys_ui_element action="INSERT_OR_UPDATE">
            <element>u_policy_package</element>
            <position>4</position>
            <sys_created_by>fcheng</sys_created_by>
            <sys_created_on>2019-05-02 21:06:07</sys_created_on>
            <sys_id>7faf93a3dbcdf340344571043996196e</sys_id>
            <sys_mod_count>0</sys_mod_count>
            <sys_ui_formatter/>
            <sys_ui_section caption="NULL" display_value="" name="x_forti_fmgintgv2_fmg_script_stage" sys_domain="global" view="Default view">b1940a77db076f00310473e1ba9619c7</sys_ui_section>
            <sys_updated_by>fcheng</sys_updated_by>
            <sys_updated_on>2019-05-02 21:06:07</sys_updated_on>
            <sys_user/>
            <type/>
        </sys_ui_element>
        <sys_ui_element action="INSERT_OR_UPDATE">
            <element>u_policy_package_list</element>
            <position>5</position>
            <sys_created_by>fcheng</sys_created_by>
            <sys_created_on>2019-05-02 21:06:07</sys_created_on>
            <sys_id>ffaf93a3dbcdf340344571043996196e</sys_id>
            <sys_mod_count>0</sys_mod_count>
            <sys_ui_formatter/>
            <sys_ui_section caption="NULL" display_value="" name="x_forti_fmgintgv2_fmg_script_stage" sys_domain="global" view="Default view">b1940a77db076f00310473e1ba9619c7</sys_ui_section>
            <sys_updated_by>fcheng</sys_updated_by>
            <sys_updated_on>2019-05-02 21:06:07</sys_updated_on>
            <sys_user/>
            <type/>
        </sys_ui_element>
        <sys_ui_element action="INSERT_OR_UPDATE">
            <element>u_script_content</element>
            <position>6</position>
            <sys_created_by>fcheng</sys_created_by>
            <sys_created_on>2019-05-02 21:06:07</sys_created_on>
            <sys_id>73af93a3dbcdf340344571043996196f</sys_id>
            <sys_mod_count>0</sys_mod_count>
            <sys_ui_formatter/>
            <sys_ui_section caption="NULL" display_value="" name="x_forti_fmgintgv2_fmg_script_stage" sys_domain="global" view="Default view">b1940a77db076f00310473e1ba9619c7</sys_ui_section>
            <sys_updated_by>fcheng</sys_updated_by>
            <sys_updated_on>2019-05-02 21:06:07</sys_updated_on>
            <sys_user/>
            <type/>
        </sys_ui_element>
        <sys_ui_element action="INSERT_OR_UPDATE">
            <element>u_script_content_configured</element>
            <position>7</position>
            <sys_created_by>fcheng</sys_created_by>
            <sys_created_on>2019-05-02 21:06:07</sys_created_on>
            <sys_id>f3af93a3dbcdf340344571043996196f</sys_id>
            <sys_mod_count>0</sys_mod_count>
            <sys_ui_formatter/>
            <sys_ui_section caption="NULL" display_value="" name="x_forti_fmgintgv2_fmg_script_stage" sys_domain="global" view="Default view">b1940a77db076f00310473e1ba9619c7</sys_ui_section>
            <sys_updated_by>fcheng</sys_updated_by>
            <sys_updated_on>2019-05-02 21:06:07</sys_updated_on>
            <sys_user/>
            <type/>
        </sys_ui_element>
        <sys_ui_element action="INSERT_OR_UPDATE">
            <element>u_script_conte_gured_progress</element>
            <position>8</position>
            <sys_created_by>fcheng</sys_created_by>
            <sys_created_on>2019-05-02 21:06:07</sys_created_on>
            <sys_id>77af93a3dbcdf340344571043996196f</sys_id>
            <sys_mod_count>0</sys_mod_count>
            <sys_ui_formatter/>
            <sys_ui_section caption="NULL" display_value="" name="x_forti_fmgintgv2_fmg_script_stage" sys_domain="global" view="Default view">b1940a77db076f00310473e1ba9619c7</sys_ui_section>
            <sys_updated_by>fcheng</sys_updated_by>
            <sys_updated_on>2019-05-02 21:06:07</sys_updated_on>
            <sys_user/>
            <type/>
        </sys_ui_element>
        <sys_ui_element action="INSERT_OR_UPDATE">
            <element>u_script_index_selected</element>
            <position>9</position>
            <sys_created_by>fcheng</sys_created_by>
            <sys_created_on>2019-05-02 21:06:07</sys_created_on>
            <sys_id>f7af93a3dbcdf340344571043996196f</sys_id>
            <sys_mod_count>0</sys_mod_count>
            <sys_ui_formatter/>
            <sys_ui_section caption="NULL" display_value="" name="x_forti_fmgintgv2_fmg_script_stage" sys_domain="global" view="Default view">b1940a77db076f00310473e1ba9619c7</sys_ui_section>
            <sys_updated_by>fcheng</sys_updated_by>
            <sys_updated_on>2019-05-02 21:06:07</sys_updated_on>
            <sys_user/>
            <type/>
        </sys_ui_element>
        <sys_ui_element action="INSERT_OR_UPDATE">
            <element>u_script_list</element>
            <position>10</position>
            <sys_created_by>fcheng</sys_created_by>
            <sys_created_on>2019-05-02 21:06:07</sys_created_on>
            <sys_id>7baf93a3dbcdf340344571043996196f</sys_id>
            <sys_mod_count>0</sys_mod_count>
            <sys_ui_formatter/>
            <sys_ui_section caption="NULL" display_value="" name="x_forti_fmgintgv2_fmg_script_stage" sys_domain="global" view="Default view">b1940a77db076f00310473e1ba9619c7</sys_ui_section>
            <sys_updated_by>fcheng</sys_updated_by>
            <sys_updated_on>2019-05-02 21:06:07</sys_updated_on>
            <sys_user/>
            <type/>
        </sys_ui_element>
        <sys_ui_element action="INSERT_OR_UPDATE">
            <element>u_script_name</element>
            <position>11</position>
            <sys_created_by>fcheng</sys_created_by>
            <sys_created_on>2019-05-02 21:06:07</sys_created_on>
            <sys_id>fbaf93a3dbcdf340344571043996196f</sys_id>
            <sys_mod_count>0</sys_mod_count>
            <sys_ui_formatter/>
            <sys_ui_section caption="NULL" display_value="" name="x_forti_fmgintgv2_fmg_script_stage" sys_domain="global" view="Default view">b1940a77db076f00310473e1ba9619c7</sys_ui_section>
            <sys_updated_by>fcheng</sys_updated_by>
            <sys_updated_on>2019-05-02 21:06:07</sys_updated_on>
            <sys_user/>
            <type/>
        </sys_ui_element>
        <sys_ui_element action="INSERT_OR_UPDATE">
            <element>u_adom</element>
            <position>12</position>
            <sys_created_by>fcheng</sys_created_by>
            <sys_created_on>2019-05-02 21:06:07</sys_created_on>
            <sys_id>7faf93a3dbcdf340344571043996196f</sys_id>
            <sys_mod_count>0</sys_mod_count>
            <sys_ui_formatter/>
            <sys_ui_section caption="NULL" display_value="" name="x_forti_fmgintgv2_fmg_script_stage" sys_domain="global" view="Default view">b1940a77db076f00310473e1ba9619c7</sys_ui_section>
            <sys_updated_by>fcheng</sys_updated_by>
            <sys_updated_on>2019-05-02 21:06:07</sys_updated_on>
            <sys_user/>
            <type/>
        </sys_ui_element>
        <sys_ui_element action="INSERT_OR_UPDATE">
            <element>u_device_list</element>
            <position>13</position>
            <sys_created_by>fcheng</sys_created_by>
            <sys_created_on>2019-05-02 21:06:07</sys_created_on>
            <sys_id>ffaf93a3dbcdf340344571043996196f</sys_id>
            <sys_mod_count>0</sys_mod_count>
            <sys_ui_formatter/>
            <sys_ui_section caption="NULL" display_value="" name="x_forti_fmgintgv2_fmg_script_stage" sys_domain="global" view="Default view">b1940a77db076f00310473e1ba9619c7</sys_ui_section>
            <sys_updated_by>fcheng</sys_updated_by>
            <sys_updated_on>2019-05-02 21:06:07</sys_updated_on>
            <sys_user/>
            <type/>
        </sys_ui_element>
        <sys_ui_element action="INSERT_OR_UPDATE">
            <element>u_script_type</element>
            <position>14</position>
            <sys_created_by>fcheng</sys_created_by>
            <sys_created_on>2019-05-02 21:06:07</sys_created_on>
            <sys_id>73af93a3dbcdf3403445710439961970</sys_id>
            <sys_mod_count>0</sys_mod_count>
            <sys_ui_formatter/>
            <sys_ui_section caption="NULL" display_value="" name="x_forti_fmgintgv2_fmg_script_stage" sys_domain="global" view="Default view">b1940a77db076f00310473e1ba9619c7</sys_ui_section>
            <sys_updated_by>fcheng</sys_updated_by>
            <sys_updated_on>2019-05-02 21:06:07</sys_updated_on>
            <sys_user/>
            <type/>
        </sys_ui_element>
        <sys_ui_section action="INSERT_OR_UPDATE">
            <caption/>
            <header>false</header>
            <name>x_forti_fmgintgv2_fmg_script_stage</name>
            <roles/>
            <sys_class_name>sys_ui_section</sys_class_name>
            <sys_created_by>jhsieh</sys_created_by>
            <sys_created_on>2019-01-23 23:01:01</sys_created_on>
            <sys_domain>global</sys_domain>
            <sys_domain_path>/</sys_domain_path>
            <sys_id>b1940a77db076f00310473e1ba9619c7</sys_id>
            <sys_mod_count>0</sys_mod_count>
            <sys_name>x_forti_fmgintgv2_fmg_script_stage</sys_name>
            <sys_overrides/>
            <sys_package display_value="Security Operations FortiManager Integration V2" source="x_forti_fmgintgv2">7c729b7edbf5a300310473e1ba9619cf</sys_package>
            <sys_policy/>
            <sys_scope display_value="Security Operations FortiManager Integration V2">7c729b7edbf5a300310473e1ba9619cf</sys_scope>
            <sys_update_name>sys_ui_section_b1940a77db076f00310473e1ba9619c7</sys_update_name>
            <sys_updated_by>jhsieh</sys_updated_by>
            <sys_updated_on>2019-01-23 23:01:01</sys_updated_on>
            <sys_user/>
            <title>true</title>
            <view display_value="Default view" name="NULL">Default view</view>
            <view_name/>
        </sys_ui_section>
    </sys_ui_section>
</record_update>
