<?xml version="1.0" encoding="UTF-8"?><record_update>
    <sys_documentation element="sch_delete_script_time" label="Sch delete script time" language="en" table="x_forti_fmgintgv2_fmg_script">
        <sys_documentation action="INSERT_OR_UPDATE">
            <element>sch_delete_script_time</element>
            <help/>
            <hint/>
            <label>Sch delete script time</label>
            <language>en</language>
            <name>x_forti_fmgintgv2_fmg_script</name>
            <plural>Sch delete script times</plural>
            <sys_class_name>sys_documentation</sys_class_name>
            <sys_created_by>jhsieh</sys_created_by>
            <sys_created_on>2019-03-04 22:35:08</sys_created_on>
            <sys_id>ac4e7768db48bb80310473e1ba9619a8</sys_id>
            <sys_mod_count>0</sys_mod_count>
            <sys_name>Sch delete script time</sys_name>
            <sys_package display_value="Security Operations FortiManager Integration V2" source="x_forti_fmgintgv2">7c729b7edbf5a300310473e1ba9619cf</sys_package>
            <sys_policy/>
            <sys_scope display_value="Security Operations FortiManager Integration V2">7c729b7edbf5a300310473e1ba9619cf</sys_scope>
            <sys_update_name>sys_documentation_x_forti_fmgintgv2_fmg_script_sch_delete_script_time_en</sys_update_name>
            <sys_updated_by>jhsieh</sys_updated_by>
            <sys_updated_on>2019-03-04 22:35:08</sys_updated_on>
            <url/>
            <url_target/>
        </sys_documentation>
    </sys_documentation>
</record_update>
