<?xml version="1.0" encoding="UTF-8"?><record_update table="sys_script_include">
    <sys_script_include action="INSERT_OR_UPDATE">
        <access>package_private</access>
        <active>true</active>
        <api_name>x_forti_fmgintgv2.FMGScriptDefault</api_name>
        <caller_access/>
        <client_callable>false</client_callable>
        <description/>
        <name>FMGScriptDefault</name>
        <script><![CDATA[var FMGScriptDefault = Class.create();

FMGScriptDefault.prototype = {
    initialize: function () {
    },
    Get: function () {
        return {
            exec_script_task_id: 0,
            exec_script_percent: 0,

            deploy_task_id: 0,
            deploy_percent: 0,

            sch_create_script_status: 0,
            sch_create_script_time: 0,
            sch_create_script_count: 0,

            sch_exec_script_status: 0,
            sch_exec_script_time: 0,
            sch_exec_script_count: 0,

            sch_delete_script_status: 0,
            sch_delete_script_time: 0,
            sch_delete_script_count: 0,

            sch_check_exec_status: 0,
            sch_check_exec_time: 0,
            sch_check_exec_count: 0,

            sch_deploy_status: 0,
            sch_deploy_time: 0,
            sch_deploy_count: 0,

            sch_check_deploy_status: 0,
            sch_check_deploy_time: 0,
            sch_check_deploy_count: 0,

            is_adom_committed: 0,
            is_cancelled: 0,
        };
    },
    type: 'FMGScriptDefault'
};]]></script>
        <sys_class_name>sys_script_include</sys_class_name>
        <sys_created_by>jhsieh</sys_created_by>
        <sys_created_on>2019-03-08 19:03:16</sys_created_on>
        <sys_id>f5f337fddb447f80310473e1ba9619e9</sys_id>
        <sys_mod_count>3</sys_mod_count>
        <sys_name>FMGScriptDefault</sys_name>
        <sys_package display_value="Security Operations FortiManager Integration V2" source="x_forti_fmgintgv2">7c729b7edbf5a300310473e1ba9619cf</sys_package>
        <sys_policy>read</sys_policy>
        <sys_scope display_value="Security Operations FortiManager Integration V2">7c729b7edbf5a300310473e1ba9619cf</sys_scope>
        <sys_update_name>sys_script_include_f5f337fddb447f80310473e1ba9619e9</sys_update_name>
        <sys_updated_by>jhsieh</sys_updated_by>
        <sys_updated_on>2019-03-12 00:57:05</sys_updated_on>
    </sys_script_include>
</record_update>
