<?xml version="1.0" encoding="UTF-8"?><record_update table="sys_script_include">
    <sys_script_include action="INSERT_OR_UPDATE">
        <access>package_private</access>
        <active>true</active>
        <api_name>x_forti_fmgintgv2.FMGAppResponse</api_name>
        <caller_access/>
        <client_callable>false</client_callable>
        <description/>
        <name>FMGAppResponse</name>
        <script><![CDATA[/* global Class */
var FMGAppResponse = Class.create();

FMGAppResponse.prototype = {
    get STATUS_INIT() {
        return { code: -1, message: 'Initial' };
    },
    get STATUS_OK() {
        return { code: 0, message: 'OK' };
    },
    STATUS_CUSTOM: function (code, message) {
        return { code: code, message: message };
    },
    initialize: function () {
        this.data = this.initData();
    },
    initData: function () {
        return {
            'id': '', // request ID
            'result': [
                {
                    'data': {},
                    'status': {
                        'code': 0,
                        'message': '',
                    },
                    'url': '',
                },
            ],
        };
    },
    getDefaultResponseObj: function () {
        return {
            httpStatus: 202,
            bodyObj: {},
        };
    },
    getDefaultHTTPStatusWhenException: function () {
        return 500;
    },
    setData: function (id, url, statusObj, data) {
        this.data = this.initData();

        this.data.id = id;
        this.data.result[0].url = url;
        this.data.result[0].status = statusObj;
        this.data.result[0].data = data;

        return this;
    },
    getData: function () {
        return this.data;
    },
    getDataString: function () {
        return JSON.stringify(this.data);
    },
    type: 'FMGAppResponse',
};]]></script>
        <sys_class_name>sys_script_include</sys_class_name>
        <sys_created_by>jxiang</sys_created_by>
        <sys_created_on>2018-11-20 00:12:34</sys_created_on>
        <sys_id>ad65ef3adb39a300310473e1ba9619e5</sys_id>
        <sys_mod_count>1</sys_mod_count>
        <sys_name>FMGAppResponse</sys_name>
        <sys_package display_value="Security Operations FortiManager Integration V2" source="x_forti_fmgintgv2">7c729b7edbf5a300310473e1ba9619cf</sys_package>
        <sys_policy>read</sys_policy>
        <sys_scope display_value="Security Operations FortiManager Integration V2">7c729b7edbf5a300310473e1ba9619cf</sys_scope>
        <sys_update_name>sys_script_include_ad65ef3adb39a300310473e1ba9619e5</sys_update_name>
        <sys_updated_by>jxiang</sys_updated_by>
        <sys_updated_on>2018-11-20 00:15:54</sys_updated_on>
    </sys_script_include>
</record_update>
