<?xml version="1.0" encoding="UTF-8"?><record_update table="sysauto_script">
    <sysauto_script action="INSERT_OR_UPDATE">
        <active>true</active>
        <business_calendar/>
        <condition/>
        <conditional>false</conditional>
        <entered_time/>
        <name>Run_DeleteScript</name>
        <offset/>
        <offset_type/>
        <run_as/>
        <run_as_tz/>
        <run_dayofmonth>1</run_dayofmonth>
        <run_dayofweek>1</run_dayofweek>
        <run_period>1970-01-01 00:00:06</run_period>
        <run_start>2019-03-04 23:11:47</run_start>
        <run_time>1970-01-01 08:00:00</run_time>
        <run_type>periodically</run_type>
        <script><![CDATA[/* global Run_DeleteScript */
Run_DeleteScript();

function Run_DeleteScript() {
    var fmgApp = new FMGAppExecution();
    fmgApp.DeleteScript();
}
]]></script>
        <sys_class_name>sysauto_script</sys_class_name>
        <sys_created_by>jhsieh</sys_created_by>
        <sys_created_on>2019-03-04 23:12:12</sys_created_on>
        <sys_id>15a6c07cdb48bb80310473e1ba961988</sys_id>
        <sys_mod_count>1</sys_mod_count>
        <sys_name>Run_DeleteScript</sys_name>
        <sys_package display_value="Security Operations FortiManager Integration V2" source="x_forti_fmgintgv2">7c729b7edbf5a300310473e1ba9619cf</sys_package>
        <sys_policy/>
        <sys_scope display_value="Security Operations FortiManager Integration V2">7c729b7edbf5a300310473e1ba9619cf</sys_scope>
        <sys_update_name>sysauto_script_15a6c07cdb48bb80310473e1ba961988</sys_update_name>
        <sys_updated_by>jhsieh</sys_updated_by>
        <sys_updated_on>2019-03-04 23:12:23</sys_updated_on>
        <time_zone/>
        <upgrade_safe>false</upgrade_safe>
    </sysauto_script>
</record_update>
