<?xml version="1.0" encoding="UTF-8"?><record_update table="sys_app">
    <sys_app action="INSERT_OR_UPDATE">
        <active>true</active>
        <can_edit_in_studio>false</can_edit_in_studio>
        <enforce_license>log</enforce_license>
        <guided_setup_guid/>
        <hide_on_ui>false</hide_on_ui>
        <installed_as_dependency>false</installed_as_dependency>
        <js_level>helsinki_es5</js_level>
        <licensable>true</licensable>
        <license/>
        <license_category>none</license_category>
        <license_definition/>
        <license_model>none</license_model>
        <logo/>
        <menu/>
        <name>Security Operations FortiManager Integration V2</name>
        <private>false</private>
        <restrict_table_access>false</restrict_table_access>
        <runtime_access_tracking>permissive</runtime_access_tracking>
        <scope>x_forti_fmgintgv2</scope>
        <scoped_administration>false</scoped_administration>
        <short_description/>
        <source>x_forti_fmgintgv2</source>
        <store_correlation_id>REPOAPP0000576577</store_correlation_id>
        <store_url>https://tpp.servicenow.com/sn_appstore_s</store_url>
        <sys_class_name>sys_app</sys_class_name>
        <sys_code/>
        <sys_created_by>jxiang</sys_created_by>
        <sys_created_on>2018-11-19 22:48:48</sys_created_on>
        <sys_id>7c729b7edbf5a300310473e1ba9619cf</sys_id>
        <sys_mod_count>81</sys_mod_count>
        <sys_updated_by>admin</sys_updated_by>
        <sys_updated_on>2022-05-05 18:33:55</sys_updated_on>
        <template/>
        <trackable>true</trackable>
        <uninstall_blocked>false</uninstall_blocked>
        <user_role/>
        <vendor/>
        <vendor_prefix/>
        <version>2.0.33</version>
    </sys_app>
</record_update>
